IR,RED,55617,61773
IR,RED,55603,61793
IR,RED,55598,61789
IR,RED,55623,61793
IR,RED,55613,61790
IR,RED,55619,61792
IR,RED,55612,61791
IR,RED,55627,61813
IR,RED,55618,61788
IR,RED,55620,61803
IR,RED,55611,61810
IR,RED,55624,61794
IR,RED,55612,61817
IR,RED,55629,61810
IR,RED,55603,61782
IR,RED,55614,61797
IR,RED,55619,61795
IR,RED,55629,61805
IR,RED,55617,61804
IR,RED,55615,61814
IR,RED,55624,61804
IR,RED,55642,61813
IR,RED,55635,61803
IR,RED,55628,61803
IR,RED,55634,61835
IR,RED,55635,61826
IR,RED,55640,61826
IR,RED,55644,61830
IR,RED,55627,61828
IR,RED,55638,61818
IR,RED,55645,61805
IR,RED,55637,61827
IR,RED,55632,61818
IR,RED,55637,61830
IR,RED,55636,61819
IR,RED,55649,61836
IR,RED,55650,61813
IR,RED,55634,61815
IR,RED,55636,61793
IR,RED,55645,61809
IR,RED,55646,61808
IR,RED,55640,61806
IR,RED,55655,61823
IR,RED,55664,61844
IR,RED,55649,61826
IR,RED,55644,61829
IR,RED,55642,61846
IR,RED,55657,61823
IR,RED,55646,61821
IR,RED,55649,61829
IR,RED,55628,61835
IR,RED,55648,61815
IR,RED,55659,61820
IR,RED,55657,61808
IR,RED,55670,61814
IR,RED,55655,61826
IR,RED,55670,61813
IR,RED,55673,61806
IR,RED,55656,61808
IR,RED,55665,61787
IR,RED,55660,61799
IR,RED,55660,61823
IR,RED,55659,61813
IR,RED,55673,61813
IR,RED,55648,61815
IR,RED,55652,61813
IR,RED,55663,61829
IR,RED,55671,61836
IR,RED,55653,61802
IR,RED,55667,61817
IR,RED,55666,61837
IR,RED,55641,61821
IR,RED,55644,61815
IR,RED,55647,61817
IR,RED,55649,61845
IR,RED,55664,61832
IR,RED,55652,61822
IR,RED,55683,61838
IR,RED,55669,61846
IR,RED,55676,61844
IR,RED,55672,61836
IR,RED,55668,61832
IR,RED,55669,61871
IR,RED,55695,61849
IR,RED,55680,61861
IR,RED,55677,61838
IR,RED,55661,61852
IR,RED,55671,61846
IR,RED,55683,61844
IR,RED,55685,61853
IR,RED,55686,61859
IR,RED,55679,61856
IR,RED,55673,61839
IR,RED,55667,61841
IR,RED,55681,61863
IR,RED,55666,61878
IR,RED,55676,61850
IR,RED,55667,61844
IR,RED,55687,61867
IR,RED,55673,61854
IR,RED,55688,61863
IR,RED,55693,61864
IR,RED,55685,61856
IR,RED,55679,61855
IR,RED,55682,61874
IR,RED,55682,61854
IR,RED,55688,61868
IR,RED,55704,61844
IR,RED,55689,61846
IR,RED,55703,61873
IR,RED,55677,61850
IR,RED,55684,61873
IR,RED,55695,61860
IR,RED,55680,61859
IR,RED,55696,61858
IR,RED,55698,61848
IR,RED,55690,61861
IR,RED,55677,61857
IR,RED,55686,61859
IR,RED,55687,61873
IR,RED,55689,61849
IR,RED,55686,61865
IR,RED,55696,61841
IR,RED,55694,61852
IR,RED,55702,61866
IR,RED,55690,61877
IR,RED,55704,61858
IR,RED,55714,61856
IR,RED,55701,61863
IR,RED,55705,61877
IR,RED,55712,61875
IR,RED,55711,61878
IR,RED,55711,61861
IR,RED,55701,61875
IR,RED,55714,61873
IR,RED,55717,61899
IR,RED,55693,61881
IR,RED,55724,61877
IR,RED,55705,61873
IR,RED,55708,61888
IR,RED,55733,61888
IR,RED,55718,61891
IR,RED,55738,61875
IR,RED,55736,61886
IR,RED,55697,61877
IR,RED,55728,61872
IR,RED,55715,61885
IR,RED,55736,61870
IR,RED,55724,61892
IR,RED,55755,61879
IR,RED,55732,61883
IR,RED,55718,61900
IR,RED,55721,61906
IR,RED,55747,61893
IR,RED,55740,61907
IR,RED,55714,61887
IR,RED,55727,61891
IR,RED,55727,61874
IR,RED,55744,61886
IR,RED,55736,61867
IR,RED,55749,61891
IR,RED,55730,61902
IR,RED,55714,61877
IR,RED,55723,61887
IR,RED,55753,61903
IR,RED,55753,61909
IR,RED,55737,61894
IR,RED,55731,61900
IR,RED,55753,61922
IR,RED,55746,61907
IR,RED,55729,61899
IR,RED,55729,61908
IR,RED,55728,61891
IR,RED,55712,61901
IR,RED,55729,61876
IR,RED,55739,61904
IR,RED,55731,61899
IR,RED,55712,61914
IR,RED,55743,61920
IR,RED,55735,61919
IR,RED,55730,61910
IR,RED,55731,61918
IR,RED,55736,61910
IR,RED,55742,61921
IR,RED,55725,61911
IR,RED,55736,61921
IR,RED,55730,61897
IR,RED,55721,61893
IR,RED,55735,61915
IR,RED,55732,61917
IR,RED,55724,61912
IR,RED,55742,61910
IR,RED,55737,61917
IR,RED,55725,61894
IR,RED,55735,61906
IR,RED,55734,61919
IR,RED,55739,61904
IR,RED,55749,61913
IR,RED,55713,61911
IR,RED,55731,61901
IR,RED,55755,61926
IR,RED,55746,61916
IR,RED,55756,61928
IR,RED,55737,61927
IR,RED,55741,61892
IR,RED,55735,61917
IR,RED,55739,61902
IR,RED,55732,61917
IR,RED,55758,61903
IR,RED,55754,61892
IR,RED,55749,61891
IR,RED,55764,61914
IR,RED,55757,61892
IR,RED,55757,61912
IR,RED,55751,61920
IR,RED,55773,61925
IR,RED,55768,61916
IR,RED,55758,61914
IR,RED,55753,61928
IR,RED,55750,61920
IR,RED,55751,61935
IR,RED,55750,61924
IR,RED,55741,61919
IR,RED,55741,61905
IR,RED,55737,61912
IR,RED,55761,61911
IR,RED,55735,61902
IR,RED,55761,61908
IR,RED,55764,61905
IR,RED,55762,61925
IR,RED,55746,61916
IR,RED,55767,61915
IR,RED,55742,61943
IR,RED,55768,61934
IR,RED,55750,61931
IR,RED,55762,61925
IR,RED,55755,61932
IR,RED,55767,61929
IR,RED,55771,61919
IR,RED,55772,61924
IR,RED,55765,61932
IR,RED,55754,61920
IR,RED,55778,61908
IR,RED,55780,61930
IR,RED,55780,61936
IR,RED,55782,61949
IR,RED,55782,61928
IR,RED,55776,61937
IR,RED,55781,61942
IR,RED,55761,61926
IR,RED,55767,61923
IR,RED,55788,61941
IR,RED,55781,61928
IR,RED,55786,61938
IR,RED,55789,61931
IR,RED,55778,61942
IR,RED,55790,61943
IR,RED,55803,61962
IR,RED,55796,61936
IR,RED,55783,61955
IR,RED,55791,61941
IR,RED,55785,61923
IR,RED,55798,61943
IR,RED,55808,61953
IR,RED,55798,61950
IR,RED,55807,61949
IR,RED,55806,61945
IR,RED,55801,61936
IR,RED,55787,61954
IR,RED,55789,61950
IR,RED,55819,61917
IR,RED,55803,61930
IR,RED,55817,61908
IR,RED,55807,61931
IR,RED,55796,61924
IR,RED,55816,61924
IR,RED,55820,61920
IR,RED,55798,61939
IR,RED,55790,61939
IR,RED,55794,61947
IR,RED,55817,61925
IR,RED,55817,61948
IR,RED,55805,61959
IR,RED,55811,61933
IR,RED,55810,61949
IR,RED,55831,61949
IR,RED,55833,61967
IR,RED,55820,61947
IR,RED,55821,61948
IR,RED,55825,61974
IR,RED,55821,61940
IR,RED,55817,61944
IR,RED,55851,61945
IR,RED,55831,61955
IR,RED,55836,61939
IR,RED,55841,61935
IR,RED,55838,61946
IR,RED,55823,61953
IR,RED,55827,61953
IR,RED,55808,61945
IR,RED,55808,61948
IR,RED,55816,61968
IR,RED,55802,61958
IR,RED,55825,61962
IR,RED,55829,61959
IR,RED,55835,61954
IR,RED,55814,61968
IR,RED,55850,61954
IR,RED,55836,61957
IR,RED,55843,61965
IR,RED,55833,61957
IR,RED,55838,61941
IR,RED,55827,61962
IR,RED,55836,61969
IR,RED,55828,61977
IR,RED,55853,61976
IR,RED,55828,61960
IR,RED,55810,61946
IR,RED,55833,61974
IR,RED,55828,61967
IR,RED,55825,61959
IR,RED,55825,61952
IR,RED,55824,61964
IR,RED,55831,61971
IR,RED,55829,61992
IR,RED,55827,61985
IR,RED,55841,61989
IR,RED,55830,61994
IR,RED,55813,61979
IR,RED,55822,61974
IR,RED,55848,61972
IR,RED,55830,61974
IR,RED,55842,61982
IR,RED,55837,61989
IR,RED,55832,61989
IR,RED,55832,61983
IR,RED,55842,61969
IR,RED,55835,61992
IR,RED,55841,61986
IR,RED,55842,61971
IR,RED,55863,62006
IR,RED,55848,61987
IR,RED,55848,62001
IR,RED,55827,61992
IR,RED,55849,61980
IR,RED,55822,61985
IR,RED,55831,61982
IR,RED,55816,61981
IR,RED,55852,61989
IR,RED,55840,61985
IR,RED,55852,62009
IR,RED,55847,62005
IR,RED,55851,61989
IR,RED,55841,61988
IR,RED,55849,62006
IR,RED,55846,61988
IR,RED,55848,61996
IR,RED,55846,62008
IR,RED,55842,61989
IR,RED,55840,61982
IR,RED,55861,62015
IR,RED,55838,61990
IR,RED,55847,62005
IR,RED,55828,61995
IR,RED,55842,62025
IR,RED,55861,62014
IR,RED,55854,62010
IR,RED,55844,62000
IR,RED,55844,62011
IR,RED,55840,61986
IR,RED,55848,61998
IR,RED,55826,62017
IR,RED,55851,61999
IR,RED,55852,61998
IR,RED,55840,62010
IR,RED,55829,61985
IR,RED,55847,61998
IR,RED,55840,61984
IR,RED,55846,62011
IR,RED,55869,61995
IR,RED,55853,62001
IR,RED,55854,61996
IR,RED,55866,62013
IR,RED,55862,61999
IR,RED,55877,62009
IR,RED,55855,62005
IR,RED,55860,62008
IR,RED,55868,61993
IR,RED,55852,62003
IR,RED,55856,62002
IR,RED,55844,62002
IR,RED,55858,61991
IR,RED,55856,62010
IR,RED,55873,61993
IR,RED,55857,61999
IR,RED,55849,61994
IR,RED,55865,61984
IR,RED,55856,61996
IR,RED,55878,62001
IR,RED,55871,62009
IR,RED,55874,61999
IR,RED,55871,62013
IR,RED,55859,62006
IR,RED,55850,62037
IR,RED,55870,62017
IR,RED,55863,61998
IR,RED,55899,62028
IR,RED,55906,62037
IR,RED,55877,62048
IR,RED,55820,62024
IR,RED,55853,62015
IR,RED,55874,62031
IR,RED,55917,62034
IR,RED,55885,62017
IR,RED,55858,62017
IR,RED,55869,62010
IR,RED,55874,62017
IR,RED,55873,61994
IR,RED,56032,62115
IR,RED,56600,62461
IR,RED,57494,63085
IR,RED,58725,64131
IR,RED,60347,65535
IR,RED,61499,65535
IR,RED,62737,65535
IR,RED,63478,65535
IR,RED,63869,65535
IR,RED,63815,65535
IR,RED,64231,65535
IR,RED,65535,65535
IR,RED,65535,65535
IR,RED,60130,64794
IR,RED,62442,64033
IR,RED,59256,63978
IR,RED,60347,64074
IR,RED,59108,64060
IR,RED,58649,65302
IR,RED,59946,63913
IR,RED,60636,64867
IR,RED,58788,63985
IR,RED,60221,64765
IR,RED,58183,63147
IR,RED,60154,65417
IR,RED,63230,65535
IR,RED,65404,65535
IR,RED,65535,65535
IR,RED,65535,65535
IR,RED,65535,65535
IR,RED,61313,65535
IR,RED,57344,59999
IR,RED,49152,57344
IR,RED,40960,49152
IR,RED,32768,40960
IR,RED,24576,32768
IR,RED,16384,24576
IR,RED,8192,16384
IR,RED,5941,8313
IR,RED,4823,6510
IR,RED,4045,5350
IR,RED,3506,4520
IR,RED,3108,3920
IR,RED,2796,3447
IR,RED,2520,3062
IR,RED,2282,2746
IR,RED,2103,2501
IR,RED,1950,2322
IR,RED,1835,2209
IR,RED,1751,2106
IR,RED,1670,2032
IR,RED,1594,1944
IR,RED,1519,1859
IR,RED,1438,1772
IR,RED,1356,1680
IR,RED,1273,1594
IR,RED,1192,1505
IR,RED,1114,1418
IR,RED,1043,1321
IR,RED,969,1224
IR,RED,903,1130
IR,RED,858,1034
IR,RED,811,955
IR,RED,768,899
IR,RED,736,841
IR,RED,705,796
IR,RED,675,761
IR,RED,653,734
IR,RED,639,718
IR,RED,630,717
IR,RED,626,722
IR,RED,628,733
IR,RED,633,740
IR,RED,647,751
IR,RED,640,761
IR,RED,659,770
IR,RED,658,778
IR,RED,650,774
IR,RED,639,751
IR,RED,608,723
IR,RED,581,683
IR,RED,556,660
IR,RED,528,610
IR,RED,503,571
IR,RED,485,542
IR,RED,562,500
IR,RED,544,471
IR,RED,531,450
IR,RED,515,429
IR,RED,503,425
IR,RED,501,421
IR,RED,499,415
IR,RED,509,425
IR,RED,520,434
IR,RED,539,463
IR,RED,570,499
IR,RED,612,548
IR,RED,644,587
IR,RED,686,633
IR,RED,706,671
IR,RED,731,708
IR,RED,725,710
IR,RED,727,706
IR,RED,703,695
IR,RED,689,667
IR,RED,676,628
IR,RED,656,601
IR,RED,630,572
IR,RED,608,547
IR,RED,597,518
IR,RED,588,510
IR,RED,578,503
IR,RED,576,495
IR,RED,571,499
IR,RED,588,511
IR,RED,608,539
IR,RED,637,574
IR,RED,683,621
IR,RED,738,678
IR,RED,796,739
IR,RED,870,816
IR,RED,929,874
IR,RED,978,935
IR,RED,1013,988
IR,RED,1039,1014
IR,RED,1039,1041
IR,RED,1028,1033
IR,RED,1015,1010
IR,RED,992,968
IR,RED,966,935
IR,RED,949,898
IR,RED,928,861
IR,RED,918,835
IR,RED,897,816
IR,RED,893,825
IR,RED,1068,836
IR,RED,1098,878
IR,RED,1172,937
IR,RED,1265,1025
IR,RED,1395,1130
IR,RED,1561,1280
IR,RED,1728,1424
IR,RED,1910,1591
IR,RED,2065,1742
IR,RED,2158,1856
IR,RED,2198,1924
IR,RED,2164,1927
IR,RED,2071,1856
IR,RED,1932,1738
IR,RED,1779,1593
IR,RED,1631,1436
IR,RED,1487,1292
IR,RED,1378,1157
IR,RED,1276,1052
IR,RED,1199,962
IR,RED,1142,910
IR,RED,1096,860
IR,RED,1079,838
IR,RED,1086,841
IR,RED,1125,876
IR,RED,1198,925
IR,RED,1296,1001
IR,RED,1411,1102
IR,RED,1548,1223
IR,RED,1686,1360
IR,RED,1806,1489
IR,RED,1878,1593
IR,RED,1883,1648
IR,RED,1836,1636
IR,RED,1731,1560
IR,RED,1590,1436
IR,RED,1442,1295
IR,RED,1309,1138
IR,RED,1184,1005
IR,RED,1094,893
IR,RED,1016,806
IR,RED,963,733
IR,RED,908,694
IR,RED,893,664
IR,RED,893,658
IR,RED,916,673
IR,RED,959,716
IR,RED,1035,780
IR,RED,1135,857
IR,RED,1431,959
IR,RED,1567,1066
IR,RED,1704,1191
IR,RED,1817,1291
IR,RED,1871,1381
IR,RED,1865,1403
IR,RED,1790,1379
IR,RED,1658,1293
IR,RED,1509,1180
IR,RED,1360,1045
IR,RED,1227,918
IR,RED,1107,808
IR,RED,1030,725
IR,RED,971,651
IR,RED,920,602
IR,RED,903,566
IR,RED,908,562
IR,RED,938,583
IR,RED,1005,613
IR,RED,1117,680
IR,RED,1261,778
IR,RED,1454,916
IR,RED,1682,1090
IR,RED,1929,1312
IR,RED,2177,1552
IR,RED,2397,1784
IR,RED,2509,1951
IR,RED,2502,2022
IR,RED,2396,1983
IR,RED,2218,1839
IR,RED,2028,1641
IR,RED,1840,1447
IR,RED,1706,1277
IR,RED,1602,1146
IR,RED,1538,1049
IR,RED,1507,991
IR,RED,1520,974
IR,RED,1581,1002
IR,RED,1724,1093
IR,RED,1922,1236
IR,RED,2244,1456
IR,RED,2685,1783
IR,RED,3279,2224
IR,RED,4061,2823
IR,RED,5062,3604
IR,RED,6294,4580
IR,RED,7694,5729
IR,RED,9132,6907
IR,RED,10449,8001
IR,RED,11377,8821
IR,RED,12183,9238
IR,RED,12527,9457
IR,RED,12776,9535
IR,RED,12933,9600
IR,RED,13192,9655
IR,RED,13449,9819
IR,RED,14064,10141
IR,RED,14694,10615
IR,RED,15435,11209
IR,RED,16155,11835
IR,RED,17031,12699
IR,RED,17833,13358
IR,RED,18555,13894
IR,RED,19397,14424
IR,RED,20278,15015
IR,RED,21246,15696
IR,RED,22425,16519
IR,RED,23868,17494
IR,RED,25483,18691
IR,RED,27201,19987
IR,RED,28902,21244
IR,RED,30684,22413
IR,RED,32092,23524
IR,RED,33175,24454
IR,RED,34073,25098
IR,RED,35176,25788
IR,RED,36661,26699
IR,RED,39004,27986
IR,RED,41258,29826
IR,RED,43451,31472
IR,RED,45512,32925
IR,RED,47593,34132
IR,RED,49353,35313
IR,RED,51014,36476
IR,RED,52197,37670
IR,RED,53190,38341
IR,RED,54144,39001
IR,RED,55436,39864
IR,RED,56876,40992
IR,RED,58248,42111
IR,RED,60122,43280
IR,RED,62905,44878
IR,RED,65535,47148
IR,RED,65535,49319
IR,RED,65535,51662
IR,RED,65535,54260
IR,RED,65535,56992
IR,RED,65535,60459
IR,RED,65535,65535
IR,RED,65535,65535
IR,RED,65535,65535
IR,RED,65535,65535
IR,RED,65535,65535
IR,RED,65535,65535
IR,RED,65535,65535
IR,RED,65535,65535
IR,RED,65535,58679
IR,RED,58869,57344
IR,RED,57344,49152
IR,RED,56171,46649
IR,RED,60103,46107
IR,RED,55803,45300
IR,RED,52891,44480
IR,RED,49917,43238
IR,RED,47358,41644
IR,RED,44907,39290
IR,RED,42193,37111
IR,RED,40960,35024
IR,RED,36580,32842
IR,RED,33883,30283
IR,RED,32768,28270
IR,RED,30116,27005
IR,RED,30292,26976
IR,RED,30883,27258
IR,RED,32177,27983
IR,RED,34256,29365
IR,RED,36974,31335
IR,RED,39645,33212
IR,RED,41019,34555
IR,RED,41360,35100
IR,RED,41620,35301
IR,RED,41958,35611
IR,RED,42325,35931
IR,RED,42532,36589
IR,RED,42632,36694
IR,RED,42895,36822
IR,RED,43810,37272
IR,RED,46142,38591
IR,RED,50670,41350
IR,RED,55133,45889
IR,RED,63235,52169
IR,RED,65535,55094
IR,RED,65535,63309
IR,RED,65535,65535
IR,RED,65535,65535
IR,RED,65535,65535
IR,RED,65535,65535
IR,RED,65535,65535
IR,RED,65535,65535
IR,RED,65045,65535
IR,RED,65535,65535
IR,RED,65535,65535
IR,RED,65535,65535
IR,RED,65535,65535
IR,RED,65535,65535
IR,RED,65535,65535
IR,RED,65535,65535
IR,RED,65535,65535
IR,RED,65535,65535
IR,RED,65535,65535
IR,RED,65535,65535
IR,RED,65535,65535
IR,RED,65535,65535
IR,RED,65535,65535
IR,RED,65535,65535
IR,RED,65535,65535
IR,RED,65535,65535
IR,RED,65535,65535
IR,RED,65535,65535
IR,RED,65535,65535
IR,RED,65535,65535
IR,RED,65535,65535
IR,RED,65535,65535
IR,RED,65535,65535
IR,RED,65535,65535
IR,RED,65535,65535
IR,RED,65535,65535
IR,RED,65535,65535
IR,RED,65535,65535
IR,RED,65535,65535
IR,RED,65535,65535
IR,RED,65535,65535
IR,RED,65535,65535
IR,RED,65535,65535
IR,RED,65296,65535
IR,RED,63696,65535
IR,RED,61340,64016
IR,RED,58259,61179
IR,RED,54768,57986
IR,RED,51081,54121
IR,RED,49152,49605
IR,RED,41041,44370
IR,RED,35460,40960
IR,RED,32768,35745
IR,RED,30772,34508
IR,RED,29726,33685
IR,RED,29330,32786
IR,RED,29279,32670
IR,RED,29509,32827
IR,RED,29868,33105
IR,RED,30225,33335
IR,RED,30422,33531
IR,RED,30755,33783
IR,RED,31106,34021
IR,RED,31575,34432
IR,RED,31812,34716
IR,RED,32340,35094
IR,RED,32833,35567
IR,RED,33364,35991
IR,RED,34298,37048
IR,RED,35547,37971
IR,RED,37587,39450
IR,RED,40381,41416
IR,RED,42949,43578
IR,RED,45415,45802
IR,RED,47893,48043
IR,RED,49630,49862
IR,RED,50701,51085
IR,RED,51308,51832
IR,RED,51444,52130
IR,RED,51304,52071
IR,RED,51094,51804
IR,RED,51056,51703
IR,RED,51149,51768
IR,RED,51339,51944
IR,RED,51411,52074
IR,RED,51453,52129
IR,RED,51463,52115
IR,RED,51774,52285
IR,RED,52228,52768
IR,RED,52665,53174
IR,RED,53287,53715
IR,RED,53812,54417
IR,RED,54019,54704
IR,RED,53961,54724
IR,RED,53670,54494
IR,RED,53565,54254
IR,RED,53589,54242
IR,RED,53741,54362
IR,RED,53838,54509
IR,RED,53825,54538
IR,RED,53751,54484
IR,RED,53702,54440
IR,RED,53727,54424
IR,RED,53773,54466
IR,RED,53774,54525
IR,RED,53800,54519
IR,RED,53800,54513
IR,RED,49152,52553
IR,RED,41171,49152
IR,RED,33411,40960
IR,RED,27665,33590
IR,RED,24595,30371
IR,RED,20422,27619
IR,RED,16384,24576
IR,RED,13717,19466
IR,RED,13682,18786
IR,RED,15892,20165
IR,RED,22038,24400
IR,RED,25472,30595
IR,RED,26132,29813
IR,RED,30509,33759
IR,RED,32822,34976
IR,RED,35660,37617
IR,RED,38679,41824
IR,RED,44016,45559
IR,RED,45604,47352
IR,RED,46438,48247
IR,RED,45828,48020
IR,RED,45098,47267
IR,RED,44694,46887
IR,RED,44273,46472
IR,RED,44266,46351
IR,RED,44463,46467
IR,RED,44833,46804
IR,RED,44964,46993
IR,RED,44960,47029
IR,RED,44797,46899
IR,RED,44735,46803
IR,RED,44768,46805
IR,RED,44890,46899
IR,RED,44975,47005
IR,RED,45011,47047
IR,RED,43108,46115
IR,RED,40960,41163
IR,RED,34062,36921
IR,RED,32768,35327
IR,RED,28958,33512
IR,RED,26850,31399
IR,RED,25116,29928
IR,RED,23383,28863
IR,RED,22692,26985
IR,RED,25808,27007
IR,RED,26763,28651
IR,RED,26362,28075
IR,RED,27948,29307
IR,RED,28412,30085
IR,RED,29756,31189
IR,RED,30834,32719
IR,RED,32452,34098
IR,RED,33964,35886
IR,RED,35855,37931
IR,RED,38528,40253
IR,RED,39843,41764
IR,RED,40271,42411
IR,RED,40000,42326
IR,RED,39467,41839
IR,RED,39330,41509
IR,RED,39276,41424
IR,RED,39524,41557
IR,RED,39724,41780
IR,RED,39872,41941
IR,RED,39837,41966
IR,RED,39809,41918
IR,RED,39758,41895
IR,RED,39813,41883
IR,RED,39875,41945
IR,RED,39936,41993
IR,RED,39989,42085
IR,RED,39985,42074
IR,RED,39993,42086
IR,RED,40018,42093
IR,RED,40024,42101
IR,RED,40042,42129
IR,RED,40085,42159
IR,RED,40115,42188
IR,RED,40135,42206
IR,RED,40141,42215
IR,RED,40145,42210
IR,RED,40175,42225
IR,RED,40172,42239
IR,RED,40207,42263
IR,RED,40210,42314
IR,RED,40229,42291
IR,RED,40246,42310
IR,RED,40253,42314
IR,RED,40261,42340
IR,RED,40267,42335
IR,RED,40289,42364
IR,RED,40294,42350
IR,RED,40320,42371
IR,RED,40333,42405
IR,RED,40337,42391
IR,RED,40361,42422
IR,RED,40353,42409
IR,RED,40367,42424
IR,RED,40377,42428
IR,RED,40382,42437
IR,RED,40390,42442
IR,RED,40408,42454
IR,RED,40397,42459
IR,RED,40419,42478
IR,RED,40427,42486
IR,RED,40430,42486
IR,RED,40441,42484
IR,RED,40444,42494
IR,RED,40448,42507
IR,RED,40471,42512
IR,RED,40466,42510
IR,RED,40482,42529
IR,RED,40488,42529
IR,RED,40491,42527
IR,RED,40493,42552
IR,RED,40503,42544
IR,RED,40512,42548
IR,RED,40504,42560
IR,RED,40506,42559
IR,RED,40520,42568
IR,RED,40512,42561
IR,RED,40521,42577
IR,RED,40521,42576
IR,RED,40537,42583
IR,RED,40547,42584
IR,RED,40545,42588
IR,RED,40548,42618
IR,RED,40549,42621
IR,RED,40542,42612
IR,RED,40562,42624
IR,RED,40559,42637
IR,RED,40563,42631
IR,RED,40579,42632
IR,RED,40575,42639
IR,RED,40572,42639
IR,RED,40567,42622
IR,RED,40573,42644
IR,RED,40581,42645
IR,RED,40603,42656
IR,RED,40604,42670
IR,RED,40603,42671
IR,RED,40616,42662
IR,RED,40626,42675
IR,RED,40617,42674
IR,RED,40628,42684
IR,RED,40638,42684
IR,RED,40625,42690
IR,RED,40639,42678
IR,RED,40634,42697
IR,RED,40635,42703
IR,RED,40643,42687
IR,RED,40647,42698
IR,RED,40651,42690
IR,RED,40647,42707
IR,RED,40651,42714
IR,RED,40667,42704
IR,RED,40671,42708
IR,RED,40683,42729
IR,RED,40658,42719
IR,RED,40687,42737
IR,RED,40676,42723
IR,RED,40696,42727
IR,RED,40701,42721
IR,RED,40708,42741
IR,RED,40701,42730
IR,RED,40710,42739
IR,RED,40717,42751
IR,RED,40698,42749
IR,RED,40704,42762
IR,RED,40712,42747
IR,RED,40715,42741
IR,RED,40726,42761
IR,RED,40716,42762
IR,RED,40723,42753
IR,RED,40715,42748
IR,RED,40710,42755
IR,RED,40720,42770
IR,RED,40732,42763
IR,RED,40724,42781
IR,RED,40733,42786
IR,RED,40718,42797
IR,RED,40725,42782
IR,RED,40725,42782
IR,RED,40721,42772
IR,RED,40751,42793
IR,RED,40736,42793
IR,RED,40754,42770
IR,RED,40749,42793
IR,RED,40747,42784
IR,RED,40760,42792
IR,RED,40745,42797
IR,RED,40747,42784
IR,RED,40748,42807
IR,RED,40759,42803
IR,RED,40751,42804
IR,RED,40754,42807
IR,RED,40755,42806
IR,RED,40750,42792
IR,RED,40760,42800
IR,RED,40767,42817
IR,RED,40775,42807
IR,RED,40763,42817
IR,RED,40779,42823
IR,RED,40772,42799
IR,RED,40779,42806
IR,RED,40765,42832
IR,RED,40774,42831
IR,RED,40761,42833
IR,RED,40779,42830
IR,RED,40800,42827
IR,RED,40784,42824
IR,RED,40776,42822
IR,RED,40771,42845
IR,RED,40766,42803
IR,RED,40783,42827
IR,RED,40786,42824
IR,RED,40796,42839
IR,RED,40788,42832
IR,RED,40788,42843
IR,RED,40789,42834
IR,RED,40783,42842
IR,RED,40794,42836
IR,RED,40807,42847
IR,RED,40793,42839
IR,RED,40794,42849
IR,RED,40803,42852
IR,RED,40815,42852
IR,RED,40787,42848
IR,RED,40798,42845
IR,RED,40808,42849
IR,RED,40807,42851
IR,RED,40803,42858
IR,RED,40798,42860
IR,RED,40817,42859
IR,RED,40813,42866
IR,RED,40812,42863
IR,RED,40826,42875
IR,RED,40832,42862
IR,RED,40817,42866
IR,RED,40813,42884
IR,RED,40825,42868
IR,RED,40824,42844
IR,RED,40820,42875
IR,RED,40816,42873
IR,RED,40824,42887
IR,RED,40829,42884
IR,RED,40806,42869
IR,RED,40825,42878
IR,RED,40829,42877
IR,RED,40818,42881
IR,RED,40842,42881
IR,RED,40835,42890
IR,RED,40830,42874
IR,RED,40836,42882
IR,RED,40832,42887
IR,RED,40829,42885
IR,RED,40834,42890
IR,RED,40837,42892
IR,RED,40843,42888
IR,RED,40838,42895
IR,RED,40843,42884
IR,RED,40840,42876
IR,RED,40837,42876
IR,RED,40852,42877
IR,RED,40851,42881
IR,RED,40843,42886
IR,RED,40847,42891
IR,RED,40838,42892
IR,RED,40830,42882
IR,RED,40842,42889
IR,RED,40838,42901
IR,RED,40842,42884
IR,RED,40853,42902
IR,RED,40849,42890
IR,RED,40835,42892
IR,RED,40857,42883
IR,RED,40851,42895
IR,RED,40851,42877
IR,RED,40840,42901
IR,RED,40842,42899
IR,RED,40849,42893
IR,RED,40849,42887
IR,RED,40855,42893
IR,RED,40848,42895
IR,RED,40857,42921
IR,RED,40866,42899
IR,RED,40846,42898
IR,RED,40860,42912
IR,RED,40865,42904
IR,RED,40860,42910
IR,RED,40842,42910
IR,RED,40863,42903
IR,RED,40857,42886
IR,RED,40856,42913
IR,RED,40850,42919
IR,RED,40864,42926
IR,RED,40857,42909
IR,RED,40872,42899
IR,RED,40856,42908
IR,RED,40856,42904
IR,RED,40869,42898
IR,RED,40864,42905
IR,RED,40866,42903
IR,RED,40872,42919
IR,RED,40876,42908
IR,RED,40861,42919
IR,RED,40877,42907
IR,RED,40868,42928
IR,RED,40878,42910
IR,RED,40871,42920
IR,RED,40876,42921
IR,RED,40879,42933
IR,RED,40866,42917
IR,RED,40870,42908
IR,RED,40881,42922
IR,RED,40883,42921
IR,RED,40878,42911
IR,RED,40866,42911
IR,RED,40870,42921
IR,RED,40882,42914
IR,RED,40873,42909
IR,RED,40876,42928
IR,RED,40876,42906
IR,RED,40885,42928
IR,RED,40894,42913
IR,RED,40883,42918
IR,RED,40899,42917
IR,RED,40903,42927
IR,RED,40887,42931
IR,RED,40888,42947
IR,RED,40902,42926
IR,RED,40884,42924
IR,RED,40888,42913
IR,RED,40887,42933
IR,RED,40896,42935
IR,RED,40903,42940
IR,RED,40886,42927
IR,RED,40892,42935
IR,RED,40887,42926
IR,RED,40889,42920
IR,RED,40891,42932
IR,RED,40898,42933
IR,RED,40882,42935
IR,RED,40897,42939
IR,RED,40888,42933
IR,RED,40905,42936
IR,RED,40898,42936
IR,RED,40905,42929
IR,RED,40902,42942
IR,RED,40889,42931
IR,RED,40903,42937
IR,RED,40884,42943
IR,RED,40892,42948
IR,RED,40904,42942
IR,RED,40892,42939
IR,RED,40888,42943
IR,RED,40906,42947
IR,RED,40917,42964
IR,RED,40911,42941
IR,RED,40904,42956
IR,RED,40909,42965
IR,RED,40914,42956
IR,RED,40916,42955
IR,RED,40910,42948
IR,RED,40903,42952
IR,RED,40914,42948
IR,RED,40912,42944
IR,RED,40907,42929
IR,RED,40913,42947
IR,RED,40917,42943
IR,RED,40917,42949
IR,RED,40900,42954
IR,RED,40905,42942
IR,RED,40909,42961
IR,RED,40907,42951
IR,RED,40892,42959
IR,RED,40920,42954
IR,RED,40897,42967
IR,RED,40908,42959
IR,RED,40915,42957
IR,RED,40910,42959
IR,RED,40913,42943
IR,RED,40925,42951
IR,RED,40926,42952
IR,RED,40934,42939
IR,RED,40931,42962
IR,RED,40919,42962
IR,RED,40917,42957
IR,RED,40913,42950
IR,RED,40919,42957
IR,RED,40911,42950
IR,RED,40908,42943
IR,RED,40913,42947
IR,RED,40914,42966
IR,RED,40930,42973
IR,RED,40925,42957
IR,RED,40924,42961
IR,RED,40923,42963
IR,RED,40935,42964
IR,RED,40917,42983
IR,RED,40920,42978
IR,RED,40909,42962
IR,RED,40927,42936
IR,RED,40912,42971
IR,RED,40934,42964
IR,RED,40935,42962
IR,RED,40935,42964
IR,RED,40919,42970
IR,RED,40926,42973
IR,RED,40923,42958
IR,RED,40933,42970
IR,RED,40924,42971
IR,RED,40915,42945
IR,RED,40925,42962
IR,RED,40939,42951
IR,RED,40934,42961
IR,RED,40937,42961
IR,RED,40929,42966
IR,RED,40936,42968
IR,RED,40937,42963
IR,RED,40940,42963
IR,RED,40944,42959
IR,RED,40945,42964
IR,RED,40957,42978
IR,RED,40927,42980
IR,RED,40938,42982
IR,RED,40939,42964
IR,RED,40935,42975
IR,RED,40951,42989
IR,RED,40923,42953
IR,RED,40914,42966
IR,RED,40933,42972
IR,RED,40935,42971
IR,RED,40936,42963
IR,RED,40934,42983
IR,RED,40929,42963
IR,RED,40935,42972
IR,RED,40931,42961
IR,RED,40947,42972
IR,RED,40939,42964
IR,RED,40936,42986
IR,RED,40930,42976
IR,RED,40935,42977
IR,RED,40943,42964
IR,RED,40930,42963
IR,RED,40930,42975
IR,RED,40944,42986
IR,RED,40939,42979
IR,RED,40932,42979
IR,RED,40930,42974
IR,RED,40923,42958
IR,RED,40966,42979
IR,RED,40956,42976
IR,RED,40946,42968
IR,RED,40943,42962
IR,RED,40941,42977
IR,RED,40949,42984
IR,RED,40955,42988
IR,RED,40952,42975
IR,RED,40950,42981
IR,RED,40929,42977
IR,RED,40936,42976
IR,RED,40940,42993
IR,RED,40954,42995
IR,RED,40945,42982
IR,RED,40942,42978
IR,RED,40938,42975
IR,RED,40941,42971
IR,RED,40931,42975
IR,RED,40921,42972
IR,RED,40919,42973
IR,RED,40945,42984
IR,RED,40927,42982
IR,RED,40932,42978
IR,RED,40938,42981
IR,RED,40936,42989
IR,RED,40930,42981
IR,RED,40949,42975
IR,RED,40932,42983
IR,RED,40942,42986
IR,RED,40953,42981
IR,RED,40946,43003
IR,RED,40943,42984
IR,RED,40950,42988
IR,RED,40951,42988
IR,RED,40952,42993
IR,RED,40950,42990
IR,RED,40954,42989
IR,RED,40945,42997
IR,RED,40955,42986
IR,RED,40950,43001
IR,RED,40941,42977
IR,RED,40948,42999
IR,RED,40969,42994
IR,RED,40957,42993
IR,RED,40963,42988
IR,RED,40950,42990
IR,RED,40953,42978
IR,RED,40948,42983
IR,RED,40956,42984
IR,RED,40967,42996
IR,RED,40948,43004
IR,RED,40965,42994
IR,RED,40936,42978
IR,RED,40954,42989
IR,RED,40949,42984
IR,RED,40955,42999
IR,RED,40942,42984
IR,RED,40938,42994
IR,RED,40953,42979
IR,RED,40948,42956
IR,RED,40940,42981
IR,RED,40933,42982
IR,RED,40944,42988
IR,RED,40939,42969
IR,RED,40929,42974
IR,RED,40933,42987
IR,RED,40938,42984
IR,RED,40921,42990
IR,RED,40936,42973
IR,RED,40936,42980
IR,RED,40934,42973
IR,RED,40927,42987
IR,RED,40931,42978
IR,RED,40944,42971
IR,RED,40933,42962
IR,RED,40946,42977
IR,RED,40942,42977
IR,RED,40933,42997
IR,RED,40933,42981
IR,RED,40924,42993
IR,RED,40950,42981
IR,RED,40951,42978
IR,RED,40921,42981
IR,RED,40941,42978
IR,RED,40942,42993
IR,RED,40937,42995
IR,RED,40945,42983
IR,RED,40942,42985
IR,RED,40938,43002
IR,RED,40962,42993
IR,RED,40943,42986
IR,RED,40941,42976
IR,RED,40939,42980
IR,RED,40953,42976
IR,RED,40945,42978
IR,RED,40941,42993
IR,RED,40940,42980
IR,RED,40947,42989
IR,RED,40931,42996
IR,RED,40947,42978
IR,RED,40937,42973
IR,RED,40936,42984
IR,RED,40943,42985
IR,RED,40943,42986
IR,RED,40941,42990
IR,RED,40938,42973
IR,RED,40947,42983
IR,RED,40960,42990
IR,RED,40947,42989
IR,RED,40954,42971
IR,RED,40954,42992
IR,RED,40903,42955
IR,RED,40907,42917
IR,RED,41072,43056
IR,RED,41179,43196
IR,RED,41183,43234
IR,RED,40883,43058
IR,RED,40370,42680
IR,RED,40448,42642
IR,RED,41157,43237
IR,RED,41371,43493
IR,RED,41116,43444
IR,RED,40553,42952
IR,RED,40306,42689
IR,RED,40450,42685
IR,RED,40730,42939
IR,RED,40855,43072
IR,RED,40780,43085
IR,RED,40593,42925
IR,RED,40537,42842
IR,RED,40781,42943
IR,RED,41278,43325
IR,RED,40934,43081
IR,RED,41138,43098
IR,RED,41188,42985
IR,RED,40534,42041
IR,RED,40745,41069
IR,RED,41673,42582
IR,RED,42160,43340
IR,RED,41882,43108
IR,RED,42455,44429
IR,RED,43124,45002
IR,RED,44623,45945
IR,RED,50565,47363
IR,RED,50647,50548
IR,RED,54384,53884
IR,RED,56209,55472
IR,RED,62793,62009
IR,RED,65535,65535
IR,RED,65535,65535
IR,RED,65535,65535
IR,RED,65535,65535
IR,RED,65535,65535
IR,RED,63674,65535
IR,RED,57344,61939
IR,RED,49620,57344
IR,RED,43105,49152
IR,RED,40960,43291
IR,RED,34959,40960
IR,RED,32768,36269
IR,RED,29155,33615
IR,RED,26359,30284
IR,RED,24576,27053
IR,RED,19553,24576
IR,RED,16384,19605
IR,RED,13058,16384
IR,RED,10592,13015
IR,RED,8560,10591
IR,RED,6685,8505
IR,RED,5356,6684
IR,RED,4266,5308
IR,RED,3379,4144
IR,RED,2674,3243
IR,RED,2121,2533
IR,RED,1707,1999
IR,RED,1395,1587
IR,RED,1153,1272
IR,RED,972,1043
IR,RED,827,873
IR,RED,723,734
IR,RED,634,630
IR,RED,576,544
IR,RED,519,477
IR,RED,483,421
IR,RED,447,388
IR,RED,417,350
IR,RED,393,325
IR,RED,361,300
IR,RED,338,274
IR,RED,312,251
IR,RED,289,237
IR,RED,263,205
IR,RED,241,184
IR,RED,258,166
IR,RED,231,153
IR,RED,204,130
IR,RED,190,123
IR,RED,166,104
IR,RED,158,98
IR,RED,143,90
IR,RED,145,83
IR,RED,131,75
IR,RED,136,71
IR,RED,138,70
IR,RED,127,63
IR,RED,128,69
IR,RED,117,65
IR,RED,117,62
IR,RED,110,60
IR,RED,122,64
IR,RED,119,61
IR,RED,107,66
IR,RED,117,70
IR,RED,112,69
IR,RED,117,79
IR,RED,107,81
IR,RED,110,89
IR,RED,112,90
IR,RED,119,90
IR,RED,125,95
IR,RED,143,109
IR,RED,142,111
IR,RED,159,121
IR,RED,173,136
IR,RED,188,152
IR,RED,198,169
IR,RED,231,187
IR,RED,256,212
IR,RED,293,250
IR,RED,322,286
IR,RED,357,334
IR,RED,401,372
IR,RED,445,426
IR,RED,514,481
IR,RED,561,547
IR,RED,638,622
IR,RED,720,710
IR,RED,818,823
IR,RED,934,947
IR,RED,1048,1067
IR,RED,1176,1211
IR,RED,1316,1368
IR,RED,1467,1522
IR,RED,1929,1697
IR,RED,2143,1895
IR,RED,2394,2117
IR,RED,2694,2381
IR,RED,3051,2701
IR,RED,3462,3085
IR,RED,3954,3539
IR,RED,4562,4095
IR,RED,5298,4782
IR,RED,6188,5641
IR,RED,7128,6529
IR,RED,8116,7439
IR,RED,9050,8326
IR,RED,9632,8935
IR,RED,9893,9196
IR,RED,9976,9255
IR,RED,9984,9258
IR,RED,9965,9254
IR,RED,9894,9211
IR,RED,9769,9113
IR,RED,9629,8998
IR,RED,9497,8896
IR,RED,9434,8848
IR,RED,9481,8909
IR,RED,9621,9042
IR,RED,9914,9302
IR,RED,10448,9766
IR,RED,11239,10511
IR,RED,12353,11544
IR,RED,13988,13090
IR,RED,15872,14823
IR,RED,18222,17025
IR,RED,21074,19713
IR,RED,24461,22958
IR,RED,29116,27359
IR,RED,33828,30499
IR,RED,37033,35933
IR,RED,39937,38786
IR,RED,42490,41055
IR,RED,45796,43732
IR,RED,49843,46886
IR,RED,53967,50596
IR,RED,57671,53725
IR,RED,59192,55184
IR,RED,54028,51974
IR,RED,49152,49152
IR,RED,40960,40960
IR,RED,32768,32768
IR,RED,24576,24576
IR,RED,16384,16384
IR,RED,8192,8192
IR,RED,2473,2727
IR,RED,2443,2600
IR,RED,2479,2630
IR,RED,2515,2723
IR,RED,2572,2723
IR,RED,2736,2899
IR,RED,2988,3170
IR,RED,3393,3556
IR,RED,3965,4160
IR,RED,4527,4797
IR,RED,5052,5402
IR,RED,5680,6083
IR,RED,5202,5939
IR,RED,5181,5724
IR,RED,5145,5687
IR,RED,5119,5698
IR,RED,5092,5628
IR,RED,5110,5669
IR,RED,5101,5650
IR,RED,5093,5648
IR,RED,5104,5653
IR,RED,5091,5647
IR,RED,5100,5643
IR,RED,5096,5643
IR,RED,5084,5639
IR,RED,5090,5640
IR,RED,5084,5645
IR,RED,5082,5634
IR,RED,5080,5640
IR,RED,5076,5637
IR,RED,5077,5633
IR,RED,5081,5631
IR,RED,5078,5635
IR,RED,5077,5624
IR,RED,5082,5631
IR,RED,5081,5624
IR,RED,5075,5617
IR,RED,5079,5627
IR,RED,5071,5629
IR,RED,5075,5622
IR,RED,5070,5624
IR,RED,5083,5623
IR,RED,5070,5623
IR,RED,5067,5617
IR,RED,5076,5624
IR,RED,5072,5618
IR,RED,5062,5608
IR,RED,5061,5616
IR,RED,5794,5613
IR,RED,5796,5603
IR,RED,5796,5608
IR,RED,5792,5610
IR,RED,5792,5611
IR,RED,5787,5603
IR,RED,5785,5607
IR,RED,5785,5597
IR,RED,5787,5599
IR,RED,5781,5607
IR,RED,5775,5602
IR,RED,5777,5602
IR,RED,5781,5604
IR,RED,5773,5602
IR,RED,5777,5597
IR,RED,5774,5594
IR,RED,5779,5595
IR,RED,5774,5593
IR,RED,5771,5602
IR,RED,5772,5598
IR,RED,5771,5597
IR,RED,5770,5589
IR,RED,5768,5587
IR,RED,5764,5584
IR,RED,5768,5595
IR,RED,5771,5581
IR,RED,5770,5599
IR,RED,5763,5590
IR,RED,5761,5585
IR,RED,5766,5591
IR,RED,5756,5584
IR,RED,5764,5578
IR,RED,5759,5581
IR,RED,5764,5584
IR,RED,5756,5585
IR,RED,5756,5584
IR,RED,5761,5573
IR,RED,5757,5582
IR,RED,5759,5584
IR,RED,5753,5573
IR,RED,5758,5582
IR,RED,5754,5572
IR,RED,5755,5581
IR,RED,5755,5573
IR,RED,5758,5578
IR,RED,5762,5569
IR,RED,5751,5576
IR,RED,5758,5572
IR,RED,5752,5573
IR,RED,5752,5570
IR,RED,5751,5565
IR,RED,5751,5570
IR,RED,5758,5570
IR,RED,5751,5572
IR,RED,5747,5565
IR,RED,5744,5567
IR,RED,5746,5558
IR,RED,5751,5572
IR,RED,5743,5571
IR,RED,5737,5573
IR,RED,5753,5563
IR,RED,5748,5576
IR,RED,5749,5563
IR,RED,5748,5571
IR,RED,5751,5573
IR,RED,5729,5560
IR,RED,5745,5561
IR,RED,5740,5566
IR,RED,5732,5565
IR,RED,5743,5565
IR,RED,5742,5574
IR,RED,5740,5563
IR,RED,5741,5565
IR,RED,5743,5569
IR,RED,5735,5560
IR,RED,5739,5567
IR,RED,5740,5563
IR,RED,5743,5561
IR,RED,5740,5570
IR,RED,5728,5559
IR,RED,5736,5564
IR,RED,5737,5557
IR,RED,5736,5562
IR,RED,5735,5562
IR,RED,5735,5552
IR,RED,5735,5556
IR,RED,5738,5557
IR,RED,5735,5557
IR,RED,5736,5557
IR,RED,5737,5562
IR,RED,5732,5554
IR,RED,5733,5556
IR,RED,5729,5556
IR,RED,5729,5552
IR,RED,5734,5557
IR,RED,5732,5555
IR,RED,5734,5554
IR,RED,5723,5546
IR,RED,5732,5553
IR,RED,5734,5545
IR,RED,5730,5555
IR,RED,5729,5557
IR,RED,5720,5558
IR,RED,5727,5551
IR,RED,5722,5549
IR,RED,5727,5552
IR,RED,5737,5547
IR,RED,5734,5545
IR,RED,5723,5551
IR,RED,5725,5554
IR,RED,5726,5550
IR,RED,5722,5548
IR,RED,5721,5548
IR,RED,5720,5548
IR,RED,5716,5548
IR,RED,5716,5547
IR,RED,5726,5543
IR,RED,5718,5545
IR,RED,5727,5547
IR,RED,5722,5540
IR,RED,5720,5544
IR,RED,5714,5538
IR,RED,5708,5536
IR,RED,5701,5525
IR,RED,5703,5527
IR,RED,5707,5522
IR,RED,5706,5529
IR,RED,5694,5522
IR,RED,5701,5524
IR,RED,5702,5526
IR,RED,5705,5525
IR,RED,5702,5526
IR,RED,5698,5522
IR,RED,5701,5523
IR,RED,5696,5527
IR,RED,5693,5519
IR,RED,5701,5524
IR,RED,5691,5521
IR,RED,5694,5518
IR,RED,5699,5515
IR,RED,5695,5521
IR,RED,5697,5518
IR,RED,5691,5517
IR,RED,5694,5519
IR,RED,5697,5516
IR,RED,5698,5525
IR,RED,5696,5516
IR,RED,5697,5520
IR,RED,5689,5512
IR,RED,5689,5517
IR,RED,5689,5517
IR,RED,5694,5522
IR,RED,5697,5513
IR,RED,5693,5512
IR,RED,5691,5518
IR,RED,5685,5516
IR,RED,5687,5513
IR,RED,5692,5517
IR,RED,5689,5516
IR,RED,5695,5510
IR,RED,5685,5511
IR,RED,5689,5511
IR,RED,5678,5508
IR,RED,5687,5509
IR,RED,5689,5513
IR,RED,5687,5508
IR,RED,5687,5517
IR,RED,5693,5511
IR,RED,5684,5505
IR,RED,5689,5515
IR,RED,5688,5512
IR,RED,5683,5510
IR,RED,5686,5508
IR,RED,5693,5506
IR,RED,5682,5513
IR,RED,5677,5515
IR,RED,5682,5508
IR,RED,5688,5508
IR,RED,5695,5511
IR,RED,5688,5508
IR,RED,5680,5517
IR,RED,5680,5506
IR,RED,5680,5505
IR,RED,5688,5506
IR,RED,5684,5507
IR,RED,5686,5511
IR,RED,5683,5504
IR,RED,5682,5507
IR,RED,5690,5506
IR,RED,5684,5510
IR,RED,5683,5516
IR,RED,5681,5505
IR,RED,5685,5504
IR,RED,5677,5504
IR,RED,5680,5494
IR,RED,5672,5500
IR,RED,5683,5507
IR,RED,5682,5504
IR,RED,5676,5495
IR,RED,5682,5506
IR,RED,5670,5506
IR,RED,5688,5506
IR,RED,5677,5503
IR,RED,5681,5501
IR,RED,5673,5508
IR,RED,5676,5495
IR,RED,5679,5503
IR,RED,5679,5499
IR,RED,5678,5501
IR,RED,5686,5500
IR,RED,5677,5499
IR,RED,5676,5502
IR,RED,5681,5514
IR,RED,5677,5498
IR,RED,5684,5508
IR,RED,5679,5504
IR,RED,5673,5503
IR,RED,5679,5503
IR,RED,5678,5506
IR,RED,5675,5499
IR,RED,5676,5500
IR,RED,5681,5499
IR,RED,5676,5497
IR,RED,5679,5496
IR,RED,5675,5506
IR,RED,5678,5504
IR,RED,5672,5503
IR,RED,5672,5495
IR,RED,5680,5503
IR,RED,5680,5500
IR,RED,5680,5497
IR,RED,5681,5495
IR,RED,5678,5504
IR,RED,5674,5495
IR,RED,5674,5492
IR,RED,5676,5500
IR,RED,5670,5501
IR,RED,5676,5500
IR,RED,5673,5495
IR,RED,5669,5498
IR,RED,5669,5505
IR,RED,5675,5497
IR,RED,5669,5499
IR,RED,5667,5496
IR,RED,5668,5500
IR,RED,5673,5501
IR,RED,5670,5496
IR,RED,5669,5495
IR,RED,5672,5496
IR,RED,5675,5494
IR,RED,5675,5493
IR,RED,5670,5500
IR,RED,5666,5488
IR,RED,5667,5489
IR,RED,5667,5496
IR,RED,5670,5497
IR,RED,5665,5500
IR,RED,5676,5498
IR,RED,5672,5499
IR,RED,5670,5493
IR,RED,5668,5493
IR,RED,5667,5499
IR,RED,5676,5491
IR,RED,5666,5494
IR,RED,5665,5485
IR,RED,5669,5490
IR,RED,5669,5494
IR,RED,5671,5496
IR,RED,5671,5489
IR,RED,5661,5495
IR,RED,5671,5489
IR,RED,5668,5491
IR,RED,5670,5490
IR,RED,5665,5489
IR,RED,5665,5491
IR,RED,5669,5488
IR,RED,5671,5496
IR,RED,5663,5489
IR,RED,5666,5486
IR,RED,5661,5490
IR,RED,5665,5492
IR,RED,5668,5493
IR,RED,5660,5496
IR,RED,5660,5481
IR,RED,5660,5486
IR,RED,5665,5484
IR,RED,5669,5487
IR,RED,5666,5488
IR,RED,5666,5495
IR,RED,5663,5490
IR,RED,5661,5488
IR,RED,5667,5487
IR,RED,5659,5493
IR,RED,5658,5483
IR,RED,5668,5495
IR,RED,5667,5486
IR,RED,5660,5482
IR,RED,5663,5483
IR,RED,5664,5490
IR,RED,5658,5490
IR,RED,5660,5484
IR,RED,5664,5487
IR,RED,5663,5492
IR,RED,5665,5484
IR,RED,5665,5484
IR,RED,5666,5488
IR,RED,5658,5488
IR,RED,5651,5496
IR,RED,5661,5481
IR,RED,5664,5493
IR,RED,5662,5484
IR,RED,5667,5481
IR,RED,5656,5486
IR,RED,5662,5490
IR,RED,5658,5485
IR,RED,5657,5492
IR,RED,5661,5490
IR,RED,5661,5489
IR,RED,5665,5486
IR,RED,5655,5482
IR,RED,5661,5490
IR,RED,5662,5485
IR,RED,5659,5483
IR,RED,5655,5481
IR,RED,5663,5481
IR,RED,5653,5482
IR,RED,5650,5485
IR,RED,5657,5489
IR,RED,5654,5487
IR,RED,5659,5483
IR,RED,5659,5488
IR,RED,5660,5485
IR,RED,5658,5483
IR,RED,5670,5482
IR,RED,5655,5479
IR,RED,5659,5487
IR,RED,5651,5484
IR,RED,5659,5480
IR,RED,5658,5487
IR,RED,5658,5487
IR,RED,5658,5482
IR,RED,5657,5480
IR,RED,5659,5486
IR,RED,5656,5482
IR,RED,5658,5485
IR,RED,5660,5488
IR,RED,5661,5478
IR,RED,5659,5484
IR,RED,5664,5487
IR,RED,5653,5477
IR,RED,5663,5482
IR,RED,5657,5481
IR,RED,5665,5482
IR,RED,5653,5482
IR,RED,5661,5485
IR,RED,5663,5482
IR,RED,5655,5483
IR,RED,5656,5486
IR,RED,5657,5491
IR,RED,5655,5483
IR,RED,5656,5488
IR,RED,5665,5486
IR,RED,5654,5479
IR,RED,5658,5491
IR,RED,5657,5483
IR,RED,5653,5491
IR,RED,5655,5479
IR,RED,5661,5482
IR,RED,5657,5480
IR,RED,5655,5479
IR,RED,5662,5483
IR,RED,5654,5490
IR,RED,5658,5482
IR,RED,5659,5484
IR,RED,5659,5475
IR,RED,5654,5483
IR,RED,5659,5481
IR,RED,5663,5485
IR,RED,5654,5476
IR,RED,5665,5482
IR,RED,5659,5475
IR,RED,5657,5481
IR,RED,5650,5482
IR,RED,5657,5483
IR,RED,5655,5485
IR,RED,5647,5485
IR,RED,5643,5479
IR,RED,5652,5484
IR,RED,5653,5481
IR,RED,5651,5478
IR,RED,5659,5486
IR,RED,5654,5482
IR,RED,5651,5488
IR,RED,5651,5477
IR,RED,5661,5482
IR,RED,5658,5474
IR,RED,5659,5477
IR,RED,5658,5474
IR,RED,5651,5482
IR,RED,5651,5476
IR,RED,5655,5473
IR,RED,5652,5481
IR,RED,5657,5480
IR,RED,5644,5481
IR,RED,5647,5480
IR,RED,5651,5480
IR,RED,5649,5482
IR,RED,5652,5469
IR,RED,5652,5480
IR,RED,5652,5489
IR,RED,5651,5471
IR,RED,5655,5483
IR,RED,5648,5482
IR,RED,5656,5480
IR,RED,5653,5474
IR,RED,5650,5476
IR,RED,5649,5479
IR,RED,5647,5472
IR,RED,5645,5476
IR,RED,5651,5478
IR,RED,5654,5468
IR,RED,5665,5474
IR,RED,5651,5474
IR,RED,5653,5477
IR,RED,5645,5471
IR,RED,5653,5476
IR,RED,5649,5470
IR,RED,5648,5477
IR,RED,5653,5468
IR,RED,5651,5477
IR,RED,5651,5473
IR,RED,5656,5470
IR,RED,5643,5468
IR,RED,5651,5477
IR,RED,5638,5473
IR,RED,5643,5474
IR,RED,5658,5480
IR,RED,5648,5473
IR,RED,5652,5468
IR,RED,5654,5472
IR,RED,5655,5469
IR,RED,5651,5471
IR,RED,5655,5472
IR,RED,5645,5474
IR,RED,5639,5471
IR,RED,5649,5476
IR,RED,5646,5469
IR,RED,5648,5470
IR,RED,5655,5465
IR,RED,5658,5477
IR,RED,5645,5474
IR,RED,5645,5469
IR,RED,5650,5476
IR,RED,5654,5468
IR,RED,5653,5472
IR,RED,5650,5470
IR,RED,5650,5471
IR,RED,5645,5476
IR,RED,5649,5469
IR,RED,5648,5469
IR,RED,5651,5480
IR,RED,5651,5463
IR,RED,5647,5473
IR,RED,5651,5465
IR,RED,5650,5469
IR,RED,5653,5471
IR,RED,5653,5475
IR,RED,5652,5466
IR,RED,5651,5468
IR,RED,5647,5467
IR,RED,5646,5477
IR,RED,5653,5475
IR,RED,5644,5468
IR,RED,5638,5476
IR,RED,5650,5470
IR,RED,5650,5479
IR,RED,5645,5476
IR,RED,5648,5478
IR,RED,5651,5473
IR,RED,5654,5474
IR,RED,5647,5470
IR,RED,5648,5474
IR,RED,5641,5476
IR,RED,5648,5480
IR,RED,5646,5473
IR,RED,5650,5469
IR,RED,5656,5474
IR,RED,5644,5477
IR,RED,5641,5472
IR,RED,5651,5470
IR,RED,5651,5474
IR,RED,5649,5466
IR,RED,5654,5471
IR,RED,5650,5470
IR,RED,5644,5474
IR,RED,5646,5473
IR,RED,5648,5470
IR,RED,5647,5470
IR,RED,5646,5471
IR,RED,5649,5465
IR,RED,5645,5470
IR,RED,5648,5476
IR,RED,5648,5467
IR,RED,5648,5474
IR,RED,5645,5467
IR,RED,5651,5469
IR,RED,5646,5472
IR,RED,5647,5470
IR,RED,5643,5470
IR,RED,5649,5465
IR,RED,5645,5478
IR,RED,5652,5473
IR,RED,5645,5471
IR,RED,5648,5473
IR,RED,5653,5473
IR,RED,5641,5473
IR,RED,5651,5471
IR,RED,5649,5472
IR,RED,5655,5467
IR,RED,5646,5472
IR,RED,5649,5475
IR,RED,5647,5476
IR,RED,5646,5470
IR,RED,5644,5470
IR,RED,5649,5470
IR,RED,5656,5468
IR,RED,5652,5467
IR,RED,5647,5469
IR,RED,5648,5468
IR,RED,5644,5464
IR,RED,5644,5463
IR,RED,5649,5468
IR,RED,5648,5465
IR,RED,5651,5474
IR,RED,5646,5473
IR,RED,5638,5475
IR,RED,5646,5469
IR,RED,5643,5469
IR,RED,5647,5470
IR,RED,5648,5469
IR,RED,5648,5461
IR,RED,5646,5466
IR,RED,5640,5468
IR,RED,5643,5478
IR,RED,5661,5472
IR,RED,5642,5475
IR,RED,5646,5461
IR,RED,5646,5466
IR,RED,5647,5466
IR,RED,5651,5465
IR,RED,5647,5470
IR,RED,5641,5470
IR,RED,5642,5465
IR,RED,5649,5469
IR,RED,5653,5467
IR,RED,5647,5466
IR,RED,5641,5476
IR,RED,5642,5468
IR,RED,5639,5466
IR,RED,5640,5468
IR,RED,5642,5467
IR,RED,5641,5466
IR,RED,5643,5469
IR,RED,5645,5467
IR,RED,5650,5474
IR,RED,5641,5469
IR,RED,5643,5466
IR,RED,5642,5469
IR,RED,5645,5459
IR,RED,5637,5464
IR,RED,5646,5468
IR,RED,5652,5472
IR,RED,5644,5466
IR,RED,5643,5469
IR,RED,5649,5462
IR,RED,5637,5465
IR,RED,5640,5462
IR,RED,5646,5469
IR,RED,5648,5467
IR,RED,5639,5470
IR,RED,5644,5471
IR,RED,5641,5470
IR,RED,5642,5469
IR,RED,5644,5467
IR,RED,5645,5470
IR,RED,5643,5465
IR,RED,5639,5466
IR,RED,5648,5477
IR,RED,5646,5474
IR,RED,5640,5465
IR,RED,5638,5461
IR,RED,5642,5465
IR,RED,5649,5471
IR,RED,5640,5466
IR,RED,5634,5467
IR,RED,5643,5471
IR,RED,5649,5464
IR,RED,5643,5465
IR,RED,5648,5464
IR,RED,5635,5460
IR,RED,5644,5469
IR,RED,5642,5465
IR,RED,5644,5475
IR,RED,5645,5469
IR,RED,5650,5468
IR,RED,5639,5470
IR,RED,5647,5469
IR,RED,5647,5466
IR,RED,5648,5469
IR,RED,5635,5474
IR,RED,5640,5468
IR,RED,5650,5470
IR,RED,5641,5471
IR,RED,5642,5467
IR,RED,5648,5470
IR,RED,5637,5476
IR,RED,5644,5460
IR,RED,5642,5466
IR,RED,5645,5474
IR,RED,5641,5465
IR,RED,5645,5461
IR,RED,5643,5467
IR,RED,5647,5467
IR,RED,5646,5467
IR,RED,5643,5469
IR,RED,5640,5470
IR,RED,5649,5464
IR,RED,5642,5465
IR,RED,5642,5463
IR,RED,5645,5471
IR,RED,5641,5461
IR,RED,5644,5475
IR,RED,5637,5467
IR,RED,5640,5472
IR,RED,5649,5466
IR,RED,5648,5472
IR,RED,5640,5476
IR,RED,5650,5465
IR,RED,5642,5464
IR,RED,5642,5468
IR,RED,5638,5467
IR,RED,5637,5461
IR,RED,5643,5456
IR,RED,5645,5471
IR,RED,5639,5466
IR,RED,5636,5464
IR,RED,5644,5464
IR,RED,5642,5462
IR,RED,5642,5460
IR,RED,5638,5461
IR,RED,5641,5466
IR,RED,5649,5460
IR,RED,5638,5459
IR,RED,5637,5457
IR,RED,5638,5468
IR,RED,5635,5468
IR,RED,5641,5461
IR,RED,5641,5467
IR,RED,5650,5468
IR,RED,5641,5458
IR,RED,5636,5459
IR,RED,5644,5463
IR,RED,5650,5461
IR,RED,5634,5468
IR,RED,5645,5464
IR,RED,5633,5465
IR,RED,5639,5469
IR,RED,5640,5468
IR,RED,5641,5468
IR,RED,5645,5467
IR,RED,5637,5470
IR,RED,5632,5456
IR,RED,5642,5466
IR,RED,5642,5469
IR,RED,5637,5466
IR,RED,5636,5464
IR,RED,5639,5469
IR,RED,5639,5462
IR,RED,5636,5456
IR,RED,5638,5467
IR,RED,5636,5470
IR,RED,5636,5470
IR,RED,5634,5443
IR,RED,5640,5469
IR,RED,5649,5463
IR,RED,5637,5463
IR,RED,5642,5463
IR,RED,5636,5459
IR,RED,5553,5432
IR,RED,5480,5289
IR,RED,5628,5362
IR,RED,5946,5636
IR,RED,6187,5970
IR,RED,6512,6044
IR,RED,6697,6491
IR,RED,6278,6096
IR,RED,6450,6227
IR,RED,6539,6264
IR,RED,6633,6441
IR,RED,6793,6490
IR,RED,6893,6791
IR,RED,6388,6213
IR,RED,7229,6424
IR,RED,13785,9647
IR,RED,22250,14094
IR,RED,30482,22302
IR,RED,38630,30422
IR,RED,46885,38700
IR,RED,54987,46892
IR,RED,55540,44609
IR,RED,49923,40960
IR,RED,44805,36156
IR,RED,40960,32768
IR,RED,32768,25983
IR,RED,24576,24576
IR,RED,17426,16384
IR,RED,16384,10552
IR,RED,9217,8192
IR,RED,8192,5233
IR,RED,4836,3763
IR,RED,3559,2746
IR,RED,2624,2025
IR,RED,1935,1512
IR,RED,1459,1132
IR,RED,1114,862
IR,RED,891,650
IR,RED,715,500
IR,RED,604,393
IR,RED,502,313
IR,RED,425,248
IR,RED,380,204
IR,RED,336,171
IR,RED,306,149
IR,RED,282,121
IR,RED,263,105
IR,RED,253,96
IR,RED,235,86
IR,RED,224,78
IR,RED,221,67
IR,RED,215,70
IR,RED,213,70
IR,RED,220,68
IR,RED,220,70
IR,RED,230,87
IR,RED,243,96
IR,RED,268,121
IR,RED,291,142
IR,RED,310,170
IR,RED,355,208
IR,RED,409,252
IR,RED,462,310
IR,RED,571,375
IR,RED,713,461
IR,RED,918,589
IR,RED,1206,748
IR,RED,1580,962
IR,RED,2078,1242
IR,RED,2732,1601
IR,RED,3598,2053
IR,RED,4725,2619
IR,RED,6132,3304
IR,RED,7814,4110
IR,RED,9687,5058
IR,RED,11764,6161
IR,RED,14220,7410
IR,RED,16619,8732
IR,RED,19046,10067
IR,RED,21493,11371
IR,RED,23835,12849
IR,RED,25981,13935
IR,RED,27127,14351
IR,RED,26674,13854
IR,RED,24927,12773
IR,RED,22681,11442
IR,RED,20365,10098
IR,RED,18112,8834
IR,RED,16384,7534
IR,RED,14173,6558
IR,RED,12492,5722
IR,RED,11112,5038
IR,RED,10038,4505
IR,RED,9328,4142
IR,RED,8996,3949
IR,RED,8805,3941
IR,RED,9121,4104
IR,RED,9728,4429
IR,RED,10601,4911
IR,RED,11708,5509
IR,RED,13275,6218
IR,RED,14882,7021
IR,RED,16725,7909
IR,RED,18822,8843
IR,RED,21025,9807
IR,RED,22913,10750
IR,RED,24399,11560
IR,RED,25214,12281
IR,RED,25420,12464
IR,RED,25132,12384
IR,RED,24708,12214
IR,RED,24377,12224
IR,RED,24115,12442
IR,RED,23769,12750
IR,RED,23275,12908
IR,RED,22887,13039
IR,RED,22884,13268
IR,RED,23500,13717
IR,RED,24812,14559
IR,RED,27022,15852
IR,RED,30305,17706
IR,RED,34874,20255
IR,RED,38676,23000
IR,RED,44678,25275
IR,RED,48143,26775
IR,RED,50212,27747
IR,RED,50876,28318
IR,RED,50335,28108
IR,RED,49108,27608
IR,RED,47234,26904
IR,RED,45046,26098
IR,RED,42961,25397
IR,RED,40960,24554
IR,RED,38992,23832
IR,RED,37854,23247
IR,RED,37643,22948
IR,RED,38817,23425
IR,RED,41456,24738
IR,RED,46283,27233
IR,RED,54180,30583
IR,RED,63187,37607
IR,RED,65535,45156
IR,RED,65535,50476
IR,RED,65535,48702
IR,RED,65535,45651
IR,RED,65535,43643
IR,RED,65223,43208
IR,RED,65535,43501
IR,RED,65535,43854
IR,RED,65535,44697
IR,RED,65535,47253
IR,RED,65535,49310
IR,RED,65535,50503
IR,RED,65535,49894
IR,RED,64167,48551
IR,RED,62806,47533
IR,RED,62325,46936
IR,RED,63109,47153
IR,RED,65535,48473
IR,RED,65535,50322
IR,RED,65535,51285
IR,RED,65535,51755
IR,RED,65535,50586
IR,RED,63798,48716
IR,RED,61391,47247
IR,RED,59079,45616
IR,RED,60676,45746
IR,RED,64659,47205
IR,RED,65535,49177
IR,RED,65535,50635
IR,RED,65535,50390
IR,RED,65535,49177
IR,RED,65535,47385
IR,RED,65535,46127
IR,RED,64848,45884
IR,RED,64996,46302
IR,RED,65535,47107
IR,RED,65535,48517
IR,RED,65535,50007
IR,RED,65535,51017
IR,RED,65535,51589
IR,RED,65535,51542
IR,RED,65535,50749
IR,RED,65535,50549
IR,RED,65535,50542
IR,RED,65535,50353
IR,RED,65535,50498
IR,RED,65535,50967
IR,RED,65535,51276
IR,RED,65535,51607
IR,RED,65535,51583
IR,RED,65535,51469
IR,RED,65535,51480
IR,RED,65535,51907
IR,RED,65535,51753
IR,RED,65535,51382
IR,RED,65535,50765
IR,RED,63757,49243
IR,RED,59317,47047
IR,RED,57344,44938
IR,RED,55169,44151
IR,RED,53458,43550
IR,RED,52018,42145
IR,RED,50996,41174
IR,RED,50602,40985
IR,RED,51073,41120
IR,RED,50061,40842
IR,RED,48898,40239
IR,RED,50806,40443
IR,RED,55079,42520
IR,RED,59713,45133
IR,RED,61955,47102
IR,RED,64078,48284
IR,RED,65228,49010
IR,RED,65535,49339
IR,RED,65535,49606
IR,RED,65535,49772
IR,RED,65535,49832
IR,RED,65535,49858
IR,RED,65535,49962
IR,RED,65535,50072
IR,RED,65535,50233
IR,RED,65535,49777
IR,RED,65535,50146
IR,RED,65535,50263
IR,RED,65535,50457
IR,RED,65535,50748
IR,RED,65535,50509
IR,RED,65535,49494
IR,RED,65535,48694
IR,RED,65535,47578
IR,RED,65535,46825
IR,RED,65535,46719
IR,RED,65535,46987
IR,RED,65535,47351
IR,RED,65535,47598
IR,RED,65535,47793
IR,RED,65535,48235
IR,RED,65535,49055
IR,RED,65535,49820
IR,RED,65535,50283
IR,RED,65535,50310
IR,RED,65535,48764
IR,RED,65535,48654
IR,RED,65535,47757
IR,RED,65535,46867
IR,RED,65535,45549
IR,RED,65535,44071
IR,RED,64653,43101
IR,RED,64284,42865
IR,RED,65535,44177
IR,RED,65535,46789
IR,RED,65535,49812
IR,RED,65535,51931
IR,RED,57344,52003
IR,RED,49152,48398
IR,RED,40960,44475
IR,RED,37459,41450
IR,RED,37117,39972
IR,RED,38663,40198
IR,RED,38165,40870
IR,RED,38709,40901
IR,RED,38205,40815
IR,RED,38679,41165
IR,RED,37905,41180
IR,RED,38098,41369
IR,RED,38129,41449
IR,RED,38170,41002
IR,RED,38679,41357
IR,RED,37092,40724
IR,RED,33285,38268
IR,RED,29087,35526
IR,RED,24576,32768
IR,RED,21203,28403
IR,RED,20747,27433
IR,RED,21136,27457
IR,RED,22614,28185
IR,RED,25819,30173
IR,RED,30106,33075
IR,RED,33697,35421
IR,RED,34355,37148
IR,RED,35644,37927
IR,RED,35321,38402
IR,RED,35238,38468
IR,RED,35360,38349
IR,RED,35511,38459
IR,RED,35350,38451
IR,RED,34168,38165
IR,RED,31728,36938
IR,RED,29048,35250
IR,RED,26775,32990
IR,RED,24576,30804
IR,RED,21123,28171
IR,RED,19794,26503
IR,RED,19785,26085
IR,RED,20115,26183
IR,RED,21388,26722
IR,RED,23989,28125
IR,RED,27350,30225
IR,RED,29999,32416
IR,RED,31925,34127
IR,RED,32543,35322
IR,RED,33575,36031
IR,RED,33394,36717
IR,RED,33769,37225
IR,RED,33896,37203
IR,RED,34142,37403
IR,RED,33682,37676
IR,RED,32732,37332
IR,RED,33839,37474
IR,RED,35323,38812
IR,RED,35962,39475
IR,RED,34770,38921
IR,RED,32768,36527
IR,RED,26344,32768
IR,RED,24576,29715
IR,RED,24703,29501
IR,RED,27523,31142
IR,RED,30419,33940
IR,RED,33342,36051
IR,RED,33381,36370
IR,RED,34264,37293
IR,RED,34318,37805
IR,RED,34705,38049
IR,RED,34005,37612
IR,RED,33448,37160
IR,RED,33694,37136
IR,RED,33362,36902
IR,RED,32292,36250
IR,RED,29555,34678
IR,RED,26045,32768
IR,RED,24576,30247
IR,RED,22543,28883
IR,RED,21614,27807
IR,RED,20286,26745
IR,RED,19910,26595
IR,RED,20038,26952
IR,RED,20416,27169
IR,RED,22359,28296
IR,RED,26137,30823
IR,RED,30486,33751
IR,RED,32975,35445
IR,RED,35960,37948
IR,RED,37189,39650
IR,RED,37131,39996
IR,RED,35510,38775
IR,RED,34848,37874
IR,RED,33833,36910
IR,RED,33200,35952
IR,RED,32181,35535
IR,RED,30945,34715
IR,RED,28269,33203
IR,RED,25175,30860
IR,RED,23483,29723
IR,RED,22805,28935
IR,RED,23123,29558
IR,RED,22394,28520
IR,RED,23891,29451
IR,RED,26230,31104
IR,RED,30368,33704
IR,RED,36501,37789
IR,RED,43135,42343
IR,RED,46814,45069
IR,RED,49861,45870
IR,RED,53421,48596
IR,RED,51474,48949
IR,RED,49934,47886
IR,RED,47574,47391
IR,RED,42530,44921
IR,RED,40960,42945
IR,RED,36454,40960
IR,RED,35701,40377
IR,RED,34910,38857
IR,RED,34806,39150
IR,RED,34615,38933
IR,RED,35534,39537
IR,RED,36248,39443
IR,RED,39393,40908
IR,RED,38945,40639
IR,RED,38047,39871
IR,RED,34344,38366
IR,RED,32768,36501
IR,RED,31352,36278
IR,RED,32581,36793
IR,RED,36087,38277
IR,RED,41347,40260
IR,RED,45401,42008
IR,RED,49251,42683
IR,RED,50806,42904
IR,RED,50752,41576
IR,RED,49802,41421
IR,RED,48319,40955
IR,RED,46252,40375
IR,RED,43070,39747
IR,RED,40960,39003
IR,RED,37591,38581
IR,RED,36364,38103
IR,RED,35218,37482
IR,RED,35881,37173
IR,RED,37356,37074
IR,RED,40232,36251
IR,RED,42355,37593
IR,RED,41799,37533
IR,RED,42098,37747
IR,RED,37891,37673
IR,RED,34699,36029
IR,RED,33651,36248
IR,RED,33142,36060
IR,RED,33653,36581
IR,RED,34724,37283
IR,RED,35398,37951
IR,RED,35253,38879
IR,RED,36705,39654
IR,RED,37468,40001
IR,RED,36467,39290
IR,RED,34768,39590
IR,RED,35577,40023
IR,RED,34919,39239
IR,RED,34537,39775
IR,RED,34185,39610
IR,RED,33285,38874
IR,RED,31476,37928
IR,RED,28665,36054
IR,RED,25823,33495
IR,RED,24576,31453
IR,RED,23026,29848
IR,RED,23214,30193
IR,RED,22338,29341
IR,RED,21271,29140
IR,RED,21249,28420
IR,RED,21732,28875
IR,RED,22907,29773
IR,RED,25671,31604
IR,RED,29640,34629
IR,RED,32820,37406
IR,RED,33331,39098
IR,RED,33842,39100
IR,RED,35313,40376
IR,RED,34548,39792
IR,RED,32267,38129
IR,RED,31873,37685
IR,RED,31766,37860
IR,RED,30116,37084
IR,RED,26882,35239
IR,RED,25235,32768
IR,RED,25403,32412
IR,RED,23852,31893
IR,RED,22384,30165
IR,RED,21372,28956
IR,RED,20291,28391
IR,RED,19794,27452
IR,RED,19874,27477
IR,RED,20258,27642
IR,RED,21267,28229
IR,RED,22863,28864
IR,RED,24967,30453
IR,RED,26953,32344
IR,RED,27961,33331
IR,RED,28762,34027
IR,RED,29149,34480
IR,RED,29392,34796
IR,RED,29345,34866
IR,RED,29180,34670
IR,RED,28837,34343
IR,RED,28281,33846
IR,RED,27373,33111
IR,RED,25575,31831
IR,RED,22972,30005
IR,RED,20955,28466
IR,RED,19491,27358
IR,RED,19120,26867
IR,RED,18544,26277
IR,RED,18597,26449
IR,RED,18690,26663
IR,RED,18835,26689
IR,RED,19594,26963
IR,RED,21090,27656
IR,RED,23302,28915
IR,RED,26243,31271
IR,RED,28443,33504
IR,RED,29827,34806
IR,RED,30391,35649
IR,RED,31047,36104
IR,RED,31863,37068
IR,RED,31917,37263
IR,RED,31533,36999
IR,RED,30452,36371
IR,RED,27384,34707
IR,RED,24576,32768
IR,RED,21178,28814
IR,RED,19410,27060
IR,RED,18536,26111
IR,RED,18802,26698
IR,RED,18918,26929
IR,RED,18832,26864
IR,RED,18868,26746
IR,RED,19432,26854
IR,RED,20642,26946
IR,RED,23318,28194
IR,RED,25593,30246
IR,RED,26317,31130
IR,RED,30539,31975
IR,RED,35477,33460
IR,RED,35114,33538
IR,RED,34620,32761
IR,RED,34228,32446
IR,RED,33398,31859
IR,RED,31613,30842
IR,RED,28501,29145
IR,RED,25643,27859
IR,RED,25078,27811
IR,RED,24057,26715
IR,RED,23543,26235
IR,RED,22029,25602
IR,RED,21512,25001
IR,RED,22002,25079
IR,RED,22204,25281
IR,RED,22154,25205
IR,RED,22568,25243
IR,RED,23965,25803
IR,RED,26756,26723
IR,RED,29019,28648
IR,RED,30862,30108
IR,RED,32967,31060
IR,RED,33504,31662
IR,RED,32963,31718
IR,RED,32072,31040
IR,RED,31774,31002
IR,RED,31303,30667
IR,RED,30362,30111
IR,RED,28024,28942
IR,RED,25816,27544
IR,RED,24576,26671
IR,RED,23594,25496
IR,RED,24247,25354
IR,RED,23957,25311
IR,RED,24356,25803
IR,RED,24439,26144
IR,RED,25252,26900
IR,RED,27187,27854
IR,RED,30566,30275
IR,RED,35555,33102
IR,RED,38598,35757
IR,RED,42044,37666
IR,RED,44745,39295
IR,RED,46761,41284
IR,RED,48084,41923
IR,RED,50116,43236
IR,RED,52078,44354
IR,RED,54118,45608
IR,RED,55919,46605
IR,RED,56886,47143
IR,RED,58633,47685
IR,RED,57919,47494
IR,RED,58169,47939
IR,RED,52818,46187
IR,RED,49152,41877
IR,RED,40960,35254
IR,RED,32768,32768
IR,RED,26279,27692
IR,RED,25394,26915
IR,RED,25570,27091
IR,RED,26683,27647
IR,RED,28273,28429
IR,RED,30064,29203
IR,RED,31872,30249
IR,RED,33341,31612
IR,RED,34180,32445
IR,RED,35503,33462
IR,RED,37762,34929
IR,RED,40595,36695
IR,RED,43421,38956
IR,RED,45877,40729
IR,RED,46847,41762
IR,RED,47984,42240
IR,RED,47518,42317
IR,RED,44301,40827
IR,RED,40960,38433
IR,RED,36689,36120
IR,RED,34448,34440
IR,RED,33614,33657
IR,RED,33867,33384
IR,RED,35669,34361
IR,RED,37983,35714
IR,RED,40653,37326
IR,RED,42115,38900
IR,RED,43022,39469
IR,RED,45106,40227
IR,RED,45987,40670
IR,RED,47504,41322
IR,RED,48845,42304
IR,RED,50428,43269
IR,RED,51550,44184
IR,RED,52045,44838
IR,RED,51293,44778
IR,RED,48384,43861
IR,RED,43957,41300
IR,RED,40960,38731
IR,RED,35200,36432
IR,RED,32768,33577
IR,RED,29859,31654
IR,RED,29767,31111
IR,RED,31243,31784
IR,RED,33660,33369
IR,RED,36693,35471
IR,RED,39906,37805
IR,RED,41151,39273
IR,RED,41447,39069
IR,RED,42567,39207
IR,RED,43369,39724
IR,RED,44893,40674
IR,RED,46350,41513
IR,RED,46588,42053
IR,RED,45854,41808
IR,RED,43254,40536
IR,RED,40960,38259
IR,RED,35543,35798
IR,RED,32768,33370
IR,RED,29525,30932
IR,RED,27999,29524
IR,RED,27351,28992
IR,RED,27310,28845
IR,RED,28325,29227
IR,RED,30565,30463
IR,RED,33793,32517
IR,RED,38033,35372
IR,RED,41598,38141
IR,RED,44422,40077
IR,RED,46871,41393
IR,RED,47324,42023
IR,RED,47072,41670
IR,RED,46306,41165
IR,RED,45087,40298
IR,RED,42651,39062
IR,RED,40960,37117
IR,RED,34811,34441
IR,RED,32768,32768
IR,RED,29094,30083
IR,RED,27220,28476
IR,RED,26407,27830
IR,RED,26649,27848
IR,RED,27363,27982
IR,RED,28822,28686
IR,RED,31908,30710
IR,RED,36702,33923
IR,RED,42662,37546
IR,RED,46813,41241
IR,RED,50558,42947
IR,RED,50990,42662
IR,RED,49169,41445
IR,RED,48211,40202
IR,RED,45173,38601
IR,RED,42795,37429
IR,RED,40960,36230
IR,RED,37967,34827
IR,RED,35447,33108
IR,RED,32768,30644
IR,RED,28742,28240
IR,RED,26247,26313
IR,RED,24610,25327
IR,RED,23900,24665
IR,RED,23783,24992
IR,RED,23862,25367
IR,RED,24723,25898
IR,RED,25850,26619
IR,RED,27602,27699
IR,RED,29749,29315
IR,RED,32577,31013
IR,RED,34837,32652
IR,RED,36241,33620
IR,RED,37115,33931
IR,RED,36873,33692
IR,RED,36291,33225
IR,RED,35657,32716
IR,RED,35003,32227
IR,RED,34238,31711
IR,RED,33274,31148
IR,RED,31626,30451
IR,RED,29903,29500
IR,RED,28136,28458
IR,RED,26633,27581
IR,RED,25230,26696
IR,RED,24316,26054
IR,RED,24017,25793
IR,RED,24104,25728
IR,RED,24592,25904
IR,RED,25589,26335
IR,RED,27461,27293
IR,RED,29767,28703
IR,RED,32318,30259
IR,RED,34458,31678
IR,RED,36477,33068
IR,RED,38610,34269
IR,RED,40183,35425
IR,RED,41380,36325
IR,RED,42885,37593
IR,RED,44187,38393
IR,RED,45772,39156
IR,RED,46700,40205
IR,RED,45825,40564
IR,RED,43912,39856
IR,RED,41377,38609
IR,RED,38537,36916
IR,RED,35718,34974
IR,RED,33615,33081
IR,RED,31488,31316
IR,RED,30996,30696
IR,RED,31617,30821
IR,RED,33247,31637
IR,RED,35365,32739
IR,RED,37168,33867
IR,RED,40455,35631
IR,RED,40666,35747
IR,RED,40289,35084
IR,RED,39201,34371
IR,RED,39442,34184
IR,RED,39257,34344
IR,RED,39124,34569
IR,RED,39274,34898
IR,RED,39407,35129
IR,RED,39439,35202
IR,RED,39353,35140
IR,RED,39174,34954
IR,RED,39143,34770
IR,RED,39151,34543
IR,RED,39190,34482
IR,RED,38985,34802
IR,RED,40157,36128
IR,RED,40718,37309
IR,RED,42582,38607
IR,RED,43744,39664
IR,RED,46877,40757
IR,RED,47137,40436
IR,RED,45681,39318
IR,RED,44121,38371
IR,RED,45857,38825
IR,RED,46644,40550
IR,RED,46942,41854
IR,RED,45939,43071
IR,RED,44100,42838
IR,RED,42339,41992
IR,RED,40960,41053
IR,RED,37314,39627
IR,RED,34460,38055
IR,RED,32768,36449
IR,RED,29510,35021
IR,RED,28115,33913
IR,RED,27236,33150
IR,RED,26886,32338
IR,RED,27121,32310
IR,RED,28081,32748
IR,RED,29899,33740
IR,RED,32694,35370
IR,RED,36542,37607
IR,RED,41480,40605
IR,RED,45963,43057
IR,RED,49529,44935
IR,RED,50997,44645
IR,RED,51205,44182
IR,RED,51586,44538
IR,RED,52064,44556
IR,RED,50796,43745
IR,RED,49399,42615
IR,RED,50001,42186
IR,RED,46660,40960
IR,RED,43981,38778
IR,RED,40960,36974
IR,RED,36783,34833
IR,RED,35087,33229
IR,RED,36246,32921
IR,RED,42117,35969
IR,RED,46838,41857
IR,RED,55014,46916
IR,RED,63223,50733
IR,RED,65535,48545
IR,RED,61734,44585
IR,RED,57344,40960
IR,RED,50786,37449
IR,RED,49152,35122
IR,RED,43174,33407
IR,RED,40975,31985
IR,RED,39843,31578
IR,RED,39853,31829
IR,RED,40551,32540
IR,RED,41770,33474
IR,RED,43691,34645
IR,RED,46251,36249
IR,RED,49701,38665
IR,RED,53601,41154
IR,RED,57517,43788
IR,RED,60423,46008
IR,RED,62216,47423
IR,RED,63008,47733
IR,RED,62414,47223
IR,RED,64718,47040
IR,RED,65535,48080
IR,RED,65535,48677
IR,RED,65535,48282
IR,RED,65486,46354
IR,RED,61792,43334
IR,RED,57978,40960
IR,RED,54604,37058
IR,RED,52551,35083
IR,RED,51812,34036
IR,RED,52569,34001
IR,RED,54719,35039
IR,RED,58048,37080
IR,RED,62193,40029
IR,RED,65535,43581
IR,RED,65535,46927
IR,RED,65535,49843
IR,RED,62987,48371
IR,RED,57344,43315
IR,RED,49152,40960
IR,RED,47498,39309
IR,RED,52500,42609
IR,RED,55968,46927
IR,RED,52871,48115
IR,RED,49152,44616
IR,RED,40960,40960
IR,RED,32768,32768
IR,RED,24576,26380
IR,RED,16384,24576
IR,RED,12671,18466
IR,RED,10571,16384
IR,RED,9288,14753
IR,RED,8725,14045
IR,RED,8530,14005
IR,RED,8948,14551
IR,RED,9909,15629
IR,RED,11497,17298
IR,RED,14098,19703
IR,RED,17042,22559
IR,RED,20278,25544
IR,RED,23726,28612
IR,RED,27372,31883
IR,RED,30501,34608
IR,RED,35004,37021
IR,RED,38303,39058
IR,RED,41805,40457
IR,RED,44237,41422
IR,RED,44649,40549
IR,RED,42653,37259
IR,RED,40960,33799
IR,RED,37337,32768
IR,RED,35333,27494
IR,RED,34180,25622
IR,RED,33875,24576
IR,RED,34661,23922
IR,RED,36961,24554
IR,RED,41458,26511
IR,RED,46899,30439
IR,RED,55024,37133
IR,RED,63254,46269
IR,RED,57344,46610
IR,RED,49152,40960
IR,RED,40960,32768
IR,RED,32768,30690
IR,RED,30670,30707
IR,RED,30634,30602
IR,RED,30860,30176
IR,RED,34325,31295
IR,RED,38656,38732
IR,RED,46912,46759
IR,RED,55097,41555
IR,RED,49152,32768
IR,RED,40960,24576
IR,RED,32768,17191
IR,RED,24576,13783
IR,RED,17380,11531
IR,RED,15537,10075
IR,RED,14446,9173
IR,RED,13955,8531
IR,RED,14023,8459
IR,RED,14610,8728
IR,RED,15747,9364
IR,RED,17549,10467
IR,RED,20300,12156
IR,RED,24289,14847
IR,RED,30136,18476
IR,RED,38505,22268
IR,RED,46911,30469
IR,RED,55031,38665
IR,RED,63283,46907
IR,RED,65535,50740
IR,RED,59164,47810
IR,RED,57344,44184
IR,RED,52157,43218
IR,RED,57867,46191
IR,RED,63149,50808
IR,RED,65535,53195
IR,RED,65535,52895
IR,RED,58999,49200
IR,RED,57344,43933
IR,RED,49152,40960
IR,RED,40960,33988
IR,RED,34758,32768
IR,RED,32768,27963
IR,RED,29629,26273
IR,RED,28638,25296
IR,RED,28499,24841
IR,RED,29142,25276
IR,RED,30830,26639
IR,RED,33636,29014
IR,RED,37330,32255
IR,RED,42425,35786
IR,RED,46865,38723
IR,RED,53044,44144
IR,RED,57692,47850
IR,RED,59555,49723
IR,RED,57654,49600
IR,RED,50092,46497
IR,RED,40960,41118
IR,RED,34876,35546
IR,RED,32768,32768
IR,RED,30184,30372
IR,RED,28340,27947
IR,RED,28421,27550
IR,RED,27466,27299
IR,RED,28152,26639
IR,RED,31581,30632
IR,RED,32023,31503
IR,RED,30095,30439
IR,RED,32365,31116
IR,RED,31814,31520
IR,RED,31883,31943
IR,RED,30428,31208
IR,RED,31886,31373
IR,RED,34333,32777
IR,RED,38669,34110
IR,RED,46844,36559
IR,RED,55002,36805
IR,RED,61776,34181
IR,RED,58020,32768
IR,RED,52985,25681
IR,RED,49152,24576
IR,RED,43503,19494
IR,RED,40960,17556
IR,RED,38481,16536
IR,RED,37831,16173
IR,RED,38436,16398
IR,RED,40568,17363
IR,RED,44685,19384
IR,RED,51365,22390
IR,RED,55086,28135
IR,RED,63266,35290
IR,RED,65535,38572
IR,RED,57344,43092
IR,RED,49152,38584
IR,RED,40960,36103
IR,RED,39117,36400
IR,RED,42634,37563
IR,RED,46800,39910
IR,RED,55046,43010
IR,RED,63223,44945
IR,RED,65535,46603
IR,RED,65535,46856
IR,RED,65535,46653
IR,RED,65535,46933
IR,RED,65535,47764
IR,RED,65535,49086
IR,RED,65535,50708
IR,RED,65535,51230
IR,RED,62056,49839
IR,RED,58372,48679
IR,RED,57344,47310
IR,RED,52400,45908
IR,RED,51926,45609
IR,RED,52190,45907
IR,RED,51226,45753
IR,RED,49228,44917
IR,RED,46665,43393
IR,RED,44144,41678
IR,RED,42141,40010
IR,RED,40960,38969
IR,RED,39857,38466
IR,RED,40159,38745
IR,RED,41249,39642
IR,RED,42828,40827
IR,RED,44539,41997
IR,RED,45918,42692
IR,RED,46535,42987
IR,RED,46867,43194
IR,RED,47378,43232
IR,RED,48128,43407
IR,RED,50806,44187
IR,RED,55058,47361
IR,RED,63251,50950
IR,RED,65535,49691
IR,RED,60771,44362
IR,RED,57344,40960
IR,RED,49152,32768
IR,RED,40960,26093
IR,RED,36411,24576
IR,RED,33877,20278
IR,RED,32768,18567
IR,RED,31424,17365
IR,RED,31616,16638
IR,RED,32545,16365
IR,RED,33913,16423
IR,RED,35530,16736
IR,RED,37313,17275
IR,RED,39694,18008
IR,RED,41797,18949
IR,RED,43847,19944
IR,RED,45822,20926
IR,RED,47836,21971
IR,RED,49455,22984
IR,RED,50958,24004
IR,RED,52664,25110
IR,RED,54779,26516
IR,RED,57662,28483
IR,RED,61260,31220
IR,RED,65535,34449
IR,RED,65535,38622
IR,RED,65535,42674
IR,RED,65535,45674
IR,RED,65535,47244
IR,RED,63788,46559
IR,RED,59856,44527
IR,RED,61474,43737
IR,RED,64294,44496
IR,RED,65535,46277
IR,RED,65535,47694
IR,RED,65535,48277
IR,RED,65535,47796
IR,RED,65535,46445
IR,RED,65196,44936
IR,RED,62894,43796
IR,RED,60732,42786
IR,RED,59500,42582
IR,RED,58786,42667
IR,RED,58377,43030
IR,RED,58166,43522
IR,RED,57947,44079
IR,RED,57876,44500
IR,RED,57682,44737
IR,RED,57071,44744
IR,RED,56365,44676
IR,RED,55462,44515
IR,RED,54544,44464
IR,RED,53634,44438
IR,RED,52473,44282
IR,RED,51340,44247
IR,RED,49969,44076
IR,RED,48563,43789
IR,RED,47428,43293
IR,RED,46302,42624
IR,RED,45309,42031
IR,RED,44572,41535
IR,RED,44036,40981
IR,RED,43633,40729
IR,RED,43408,40635
IR,RED,43306,40503
IR,RED,43444,40359
IR,RED,43976,40480
IR,RED,44916,40762
IR,RED,46003,41032
IR,RED,47195,41314
IR,RED,48619,41511
IR,RED,49983,41770
IR,RED,51682,41996
IR,RED,54043,42630
IR,RED,56327,43019
IR,RED,58719,43448
IR,RED,61206,43799
IR,RED,64001,44513
IR,RED,65535,45689
IR,RED,65535,47224
IR,RED,65535,48570
IR,RED,64376,47871
IR,RED,57344,44069
IR,RED,49152,40960
IR,RED,42860,36790
IR,RED,43849,36429
IR,RED,48817,37897
IR,RED,55061,41199
IR,RED,63230,44343
IR,RED,65535,44763
IR,RED,65535,42531
IR,RED,62372,40960
IR,RED,57344,36305
IR,RED,52572,34047
IR,RED,49234,32768
IR,RED,46967,31452
IR,RED,45498,31499
IR,RED,44593,32269
IR,RED,43878,33345
IR,RED,43123,34521
IR,RED,41714,35335
IR,RED,38962,35318
IR,RED,35413,34130
IR,RED,32768,32280
IR,RED,26025,29688
IR,RED,24576,26383
IR,RED,17682,24576
IR,RED,16384,19838
IR,RED,12933,17430
IR,RED,11563,16384
IR,RED,10670,14186
IR,RED,10159,13162
IR,RED,9985,12499
IR,RED,10115,12140
IR,RED,10513,12067
IR,RED,11184,12249
IR,RED,12155,12637
IR,RED,13458,13280
IR,RED,15240,14197
IR,RED,17600,15467
IR,RED,20840,17188
IR,RED,25048,19574
IR,RED,30433,22503
IR,RED,36858,25879
IR,RED,43245,29200
IR,RED,46877,31644
IR,RED,49745,32333
IR,RED,50088,31897
IR,RED,49046,30660
IR,RED,47173,28810
IR,RED,44867,26842
IR,RED,42654,25033
IR,RED,40960,23385
IR,RED,39777,22466
IR,RED,39926,22189
IR,RED,41110,22618
IR,RED,43454,23742
IR,RED,46900,25664
IR,RED,51993,28454
IR,RED,55012,32151
IR,RED,63278,36327
IR,RED,65535,41307
IR,RED,65535,45199
IR,RED,65535,47359
IR,RED,65535,47746
IR,RED,63030,46518
IR,RED,60517,45089
IR,RED,61168,44803
IR,RED,62044,45915
IR,RED,63160,46976
IR,RED,62372,46954
IR,RED,59132,46024
IR,RED,57344,43715
IR,RED,49152,40960
IR,RED,40960,35764
IR,RED,32768,32768
IR,RED,26136,26943
IR,RED,24576,24576
IR,RED,18443,21057
IR,RED,16384,19121
IR,RED,13905,17667
IR,RED,12355,16577
IR,RED,11250,15845
IR,RED,10499,15369
IR,RED,10039,15145
IR,RED,9826,15093
IR,RED,9921,15315
IR,RED,10386,15863
IR,RED,11179,16715
IR,RED,12329,17856
IR,RED,13725,19291
IR,RED,15089,20657
IR,RED,16260,21848
IR,RED,17157,22823
IR,RED,17808,23486
IR,RED,18330,23908
IR,RED,18731,24151
IR,RED,19054,24260
IR,RED,19342,24249
IR,RED,19568,24130
IR,RED,19765,23879
IR,RED,20074,23537
IR,RED,20445,23015
IR,RED,20770,22484
IR,RED,21160,22007
IR,RED,21629,21773
IR,RED,22209,21684
IR,RED,22819,21560
IR,RED,23332,21309
IR,RED,23687,20861
IR,RED,23692,20112
IR,RED,23253,18952
IR,RED,22280,17408
IR,RED,20753,16384
IR,RED,18953,13832
IR,RED,17109,12146
IR,RED,15510,10669
IR,RED,14138,9408
IR,RED,13012,8356
IR,RED,12162,7388
IR,RED,11556,6792
IR,RED,11138,6368
IR,RED,10833,6083
IR,RED,10601,5868
IR,RED,10435,5721
IR,RED,12084,5612
IR,RED,11919,5527
IR,RED,11762,5474
IR,RED,11601,5436
IR,RED,11416,5408
IR,RED,11183,5350
IR,RED,10922,5274
IR,RED,10662,5206
IR,RED,10367,5128
IR,RED,10034,5007
IR,RED,9688,4891
IR,RED,9345,4758
IR,RED,9015,4639
IR,RED,8539,4529
IR,RED,8285,4433
IR,RED,8061,4348
IR,RED,7863,4277
IR,RED,7685,4224
IR,RED,7526,4177
IR,RED,7399,4141
IR,RED,7324,4115
IR,RED,7317,4134
IR,RED,7376,4190
IR,RED,7511,4294
IR,RED,7718,4452
IR,RED,7958,4641
IR,RED,8255,4862
IR,RED,8559,5109
IR,RED,8907,5363
IR,RED,9287,5632
IR,RED,9730,5917
IR,RED,10208,6222
IR,RED,10737,6528
IR,RED,11282,6827
IR,RED,12019,7087
IR,RED,12549,7289
IR,RED,13067,7458
IR,RED,13573,7591
IR,RED,14040,7689
IR,RED,14432,7732
IR,RED,14788,7734
IR,RED,15124,7719
IR,RED,15500,7719
IR,RED,15953,7775
IR,RED,16530,7879
IR,RED,17302,8071
IR,RED,18396,8391
IR,RED,19906,8881
IR,RED,21820,9569
IR,RED,24204,10493
IR,RED,30492,11609
IR,RED,34294,13030
IR,RED,37729,14358
IR,RED,41208,15686
IR,RED,43628,16845
IR,RED,45066,17654
IR,RED,45529,18059
IR,RED,44805,18054
IR,RED,43301,17743
IR,RED,41216,17201
IR,RED,38598,16508
IR,RED,36067,15700
IR,RED,33684,14937
IR,RED,31230,14267
IR,RED,29551,13745
IR,RED,28185,13363
IR,RED,26963,13092
IR,RED,25802,12848
IR,RED,24617,12589
IR,RED,23250,12290
IR,RED,22018,11925
IR,RED,20741,11493
IR,RED,19504,11014
IR,RED,18354,10522
IR,RED,17404,10096
IR,RED,16716,9764
IR,RED,16276,9552
IR,RED,16061,9509
IR,RED,16086,9623
IR,RED,16306,9913
IR,RED,16612,10305
IR,RED,16924,10728
IR,RED,17118,11136
IR,RED,17178,11445
IR,RED,17067,11596
IR,RED,16801,11585
IR,RED,16384,11423
IR,RED,15852,11113
IR,RED,15221,10671
IR,RED,14531,10163
IR,RED,13802,9593
IR,RED,13060,9024
IR,RED,12398,8333
IR,RED,11903,7955
IR,RED,11627,7717
IR,RED,11564,7658
IR,RED,11640,7747
IR,RED,11826,7952
IR,RED,12035,8221
IR,RED,12242,8512
IR,RED,12516,8800
IR,RED,12909,9136
IR,RED,13489,9518
IR,RED,14235,9956
IR,RED,15219,10460
IR,RED,16463,11030
IR,RED,17899,11644
IR,RED,19546,12440
IR,RED,21232,12978
IR,RED,22971,13489
IR,RED,24805,14003
IR,RED,26812,14603
IR,RED,29198,15352
IR,RED,32197,16285
IR,RED,35608,17447
IR,RED,38693,18976
IR,RED,45081,20892
IR,RED,51229,23215
IR,RED,54965,26151
IR,RED,63260,29855
IR,RED,65535,34144
IR,RED,65535,38551
IR,RED,65535,42561
IR,RED,65535,45149
IR,RED,65535,46268
IR,RED,65535,45744
IR,RED,65535,44853
IR,RED,65535,44613
IR,RED,65535,44693
IR,RED,65535,44823
IR,RED,65535,45267
IR,RED,65535,45860
IR,RED,65535,46281
IR,RED,65535,46657
IR,RED,65535,47031
IR,RED,65535,47372
IR,RED,65535,47546
IR,RED,65535,47640
IR,RED,65535,47524
IR,RED,65535,47284
IR,RED,65535,46964
IR,RED,65535,46981
IR,RED,65535,46793
IR,RED,65535,46490
IR,RED,65535,46305
IR,RED,65535,46106
IR,RED,65535,45960
IR,RED,65535,46009
IR,RED,65535,46335
IR,RED,65535,46904
IR,RED,65535,47583
IR,RED,65535,48120
IR,RED,65535,48516
IR,RED,65315,48443
IR,RED,62148,47384
IR,RED,57344,45067
IR,RED,51098,42157
IR,RED,49152,40960
IR,RED,42781,37041
IR,RED,40960,35335
IR,RED,37956,34090
IR,RED,36936,33474
IR,RED,36707,32924
IR,RED,37195,33093
IR,RED,39440,34146
IR,RED,44217,36443
IR,RED,52011,40457
IR,RED,55090,44438
IR,RED,63191,47159
IR,RED,62395,47144
IR,RED,57987,44877
IR,RED,51638,41292
IR,RED,49152,36949
IR,RED,40960,32854
IR,RED,32768,28753
IR,RED,27352,25480
IR,RED,24576,22557
IR,RED,20188,20301
IR,RED,17778,18461
IR,RED,16384,16968
IR,RED,14610,15862
IR,RED,13697,15045
IR,RED,13137,14501
IR,RED,12867,14238
IR,RED,12913,14234
IR,RED,13228,14490
IR,RED,13788,14970
IR,RED,14612,15707
IR,RED,15749,16690
IR,RED,17146,17944
IR,RED,18769,19483
IR,RED,20524,21150
IR,RED,22254,22933
IR,RED,23856,24649
IR,RED,25005,26049
IR,RED,25392,26931
IR,RED,24926,27065
IR,RED,23573,26433
IR,RED,21320,24993
IR,RED,18477,22936
IR,RED,16384,20392
IR,RED,12325,17588
IR,RED,9615,16384
IR,RED,8192,12343
IR,RED,5591,10264
IR,RED,4384,8612
IR,RED,3557,7165
IR,RED,2984,6232
IR,RED,2626,5595
IR,RED,2430,5209
IR,RED,2377,5037
IR,RED,2380,5020
IR,RED,2468,5107
IR,RED,2618,5287
IR,RED,2828,5552
IR,RED,3095,5869
IR,RED,3395,6205
IR,RED,3699,6525
IR,RED,3984,6789
IR,RED,4243,6981
IR,RED,4454,7130
IR,RED,4655,7236
IR,RED,4820,7330
IR,RED,4992,7422
IR,RED,5172,7573
IR,RED,5385,7775
IR,RED,5640,8051
IR,RED,5913,8383
IR,RED,6250,8801
IR,RED,6683,9325
IR,RED,7282,9992
IR,RED,8136,10866
IR,RED,9349,12035
IR,RED,11150,13794
IR,RED,13839,15910
IR,RED,17797,18717
IR,RED,22214,22372
IR,RED,30169,26656
IR,RED,38192,30589
IR,RED,46257,35341
IR,RED,54285,38660
IR,RED,60548,44046
IR,RED,65282,46524
IR,RED,65535,48178
IR,RED,65535,48313
IR,RED,65535,46994
IR,RED,65535,45418
IR,RED,65535,44085
IR,RED,57344,43876
IR,RED,56935,44077
IR,RED,57440,43490
IR,RED,56342,41729
IR,RED,55168,39671
IR,RED,53236,36893
IR,RED,49418,32880
IR,RED,44865,27943
IR,RED,40960,24576
IR,RED,36230,19992
IR,RED,32768,16724
IR,RED,26553,13802
IR,RED,24576,11123
IR,RED,18387,8868
IR,RED,16384,6888
IR,RED,12608,5472
IR,RED,10501,4376
IR,RED,8866,3544
IR,RED,7474,2934
IR,RED,6602,2496
IR,RED,6007,2195
IR,RED,5645,2006
IR,RED,5488,1905
IR,RED,5506,1902
IR,RED,5684,1962
IR,RED,6038,2090
IR,RED,6595,2309
IR,RED,7406,2633
IR,RED,8530,3101
IR,RED,10067,3752
IR,RED,12058,4644
IR,RED,14669,5828
IR,RED,17488,7306
IR,RED,20774,9048
IR,RED,24288,11133
IR,RED,27907,13659
IR,RED,31922,16644
IR,RED,35221,19642
IR,RED,37323,22135
IR,RED,38512,23726
IR,RED,38598,24633
IR,RED,37776,24914
IR,RED,36455,24729
IR,RED,35194,24412
IR,RED,34314,24098
IR,RED,33822,23970
IR,RED,33876,24144
IR,RED,34661,24818
IR,RED,36365,26147
IR,RED,39101,28405
IR,RED,42757,31802
IR,RED,46895,36042
IR,RED,52684,41679
IR,RED,55659,46731
IR,RED,52122,48885
IR,RED,49152,45023
IR,RED,40960,40960
IR,RED,32768,33571
IR,RED,26463,31359
IR,RED,26947,31677
IR,RED,28216,32542
IR,RED,30571,33809
IR,RED,33637,35820
IR,RED,36176,37542
IR,RED,38840,38925
IR,RED,41812,40828
IR,RED,43934,42520
IR,RED,45054,43924
IR,RED,45787,44533
IR,RED,45488,43964
IR,RED,46095,43845
IR,RED,47483,44683
IR,RED,48756,45587
IR,RED,50319,46734
IR,RED,52213,48228
IR,RED,53210,49416
IR,RED,51203,49350
IR,RED,49152,46751
IR,RED,40960,42899
IR,RED,34520,40960
IR,RED,34901,37838
IR,RED,37607,39269
IR,RED,44260,42382
IR,RED,52667,46534
IR,RED,56780,48148
IR,RED,55950,46197
IR,RED,52327,42477
IR,RED,49152,40960
IR,RED,43848,34477
IR,RED,40960,32768
IR,RED,38010,28594
IR,RED,36735,27093
IR,RED,36391,26349
IR,RED,36785,26223
IR,RED,37895,26661
IR,RED,39640,27579
IR,RED,41824,28921
IR,RED,44405,30622
IR,RED,47384,32581
IR,RED,49951,34543
IR,RED,52007,36420
IR,RED,53843,38474
IR,RED,55304,40149
IR,RED,56427,41669
IR,RED,57096,42686
IR,RED,56989,43167
IR,RED,56653,42550
IR,RED,55112,40996
IR,RED,52153,38298
IR,RED,49152,34953
IR,RED,43922,32768
IR,RED,40960,27829
IR,RED,35760,24835
IR,RED,32768,22080
IR,RED,29293,19954
IR,RED,27166,18238
IR,RED,25606,16961
IR,RED,24667,16217
IR,RED,24280,16011
IR,RED,24793,16342
IR,RED,25994,17259
IR,RED,27695,18688
IR,RED,29965,20565
IR,RED,32148,22629
IR,RED,34196,24655
IR,RED,36094,26506
IR,RED,38165,28188
IR,RED,39517,29898
IR,RED,40302,31112
IR,RED,40192,31739
IR,RED,39064,31629
IR,RED,36984,30702
IR,RED,34276,29084
IR,RED,32768,27114
IR,RED,28254,25054
IR,RED,25933,23022
IR,RED,24576,21441
IR,RED,22562,20238
IR,RED,21710,19325
IR,RED,21274,18721
IR,RED,21151,18372
IR,RED,21438,18316
IR,RED,22281,18685
IR,RED,23752,19561
IR,RED,26025,21091
IR,RED,29348,23434
IR,RED,34020,26739
IR,RED,38700,30501
IR,RED,46516,36645
IR,RED,52249,42260
IR,RED,55432,46508
IR,RED,55870,49002
IR,RED,53663,49087
IR,RED,51944,48279
IR,RED,51292,47908
IR,RED,51645,48048
IR,RED,52662,48703
IR,RED,53206,49206
IR,RED,52761,48945
IR,RED,51478,47879
IR,RED,49953,46334
IR,RED,48622,44722
IR,RED,47205,42910
IR,RED,46057,41376
IR,RED,44745,39535
IR,RED,43739,37889
IR,RED,43503,36978
IR,RED,43860,36650
IR,RED,44752,36798
IR,RED,45831,37226
IR,RED,46947,37659
IR,RED,48400,38332
IR,RED,50109,39379
IR,RED,51730,40494
IR,RED,52747,41410
IR,RED,53301,41837
IR,RED,53622,41929
IR,RED,53322,41806
IR,RED,52541,41247
IR,RED,51290,40312
IR,RED,49191,39045
IR,RED,46743,37220
IR,RED,44614,35679
IR,RED,42827,34445
IR,RED,41154,33346
IR,RED,39513,32182
IR,RED,38344,31616
IR,RED,37470,31331
IR,RED,36867,31244
IR,RED,36479,31336
IR,RED,36191,31437
IR,RED,36135,31693
IR,RED,36054,31954
IR,RED,36100,32131
IR,RED,36124,32362
IR,RED,35919,32321
IR,RED,35627,32054
IR,RED,35427,31795
IR,RED,35387,31706
IR,RED,35507,31768
IR,RED,35643,31980
IR,RED,35643,32161
IR,RED,35268,32168
IR,RED,34486,31803
IR,RED,33534,31308
IR,RED,32001,30597
IR,RED,30611,29683
IR,RED,29251,28712
IR,RED,28009,27778
IR,RED,26893,26939
IR,RED,26069,26314
IR,RED,25479,25913
IR,RED,24959,25791
IR,RED,24964,25895
IR,RED,25228,26272
IR,RED,25789,26805
IR,RED,26652,27536
IR,RED,27823,28481
IR,RED,29413,29554
IR,RED,30891,30600
IR,RED,32445,31577
IR,RED,33721,32306
IR,RED,34671,32540
IR,RED,35290,32373
IR,RED,35340,31789
IR,RED,35170,30989
IR,RED,34931,30148
IR,RED,34606,29253
IR,RED,34402,28437
IR,RED,34399,27818
IR,RED,34766,27560
IR,RED,35533,27652
IR,RED,36893,28255
IR,RED,39019,29384
IR,RED,40777,30674
IR,RED,42630,32294
IR,RED,43985,33642
IR,RED,45067,34747
IR,RED,45876,35533
IR,RED,45854,35843
IR,RED,45078,35909
IR,RED,43796,35047
IR,RED,42201,33910
IR,RED,40960,32768
IR,RED,38887,31223
IR,RED,37631,30369
IR,RED,36423,29649
IR,RED,35131,28883
IR,RED,33892,28079
IR,RED,32842,27389
IR,RED,31745,26850
IR,RED,31386,26608
IR,RED,31406,26675
IR,RED,31717,27062
IR,RED,32164,27698
IR,RED,32630,28405
IR,RED,32961,29080
IR,RED,33123,29642
IR,RED,33042,30081
IR,RED,32484,30218
IR,RED,31359,29887
IR,RED,29809,29089
IR,RED,27873,27985
IR,RED,25705,26538
IR,RED,24576,24940
IR,RED,21611,23240
IR,RED,20119,21968
IR,RED,19001,20969
IR,RED,18244,20308
IR,RED,17787,19953
IR,RED,17621,19860
IR,RED,17783,20064
IR,RED,18287,20585
IR,RED,19076,21452
IR,RED,19970,22527
IR,RED,20709,23627
IR,RED,21183,24534
IR,RED,21318,25138
IR,RED,21083,25361
IR,RED,20623,25260
IR,RED,20026,24873
IR,RED,19414,24342
IR,RED,18842,23743
IR,RED,18445,23188
IR,RED,18232,22690
IR,RED,18271,22333
IR,RED,18584,22126
IR,RED,19146,22083
IR,RED,19923,22215
IR,RED,20940,22508
IR,RED,22119,22904
IR,RED,23440,23347
IR,RED,24476,23434
IR,RED,24978,22951
IR,RED,24991,21961
IR,RED,24704,20794
IR,RED,24450,19751
IR,RED,24479,19039
IR,RED,25030,18822
IR,RED,26148,19148
IR,RED,27834,20017
IR,RED,30179,21335
IR,RED,32414,22933
IR,RED,34278,24492
IR,RED,35453,25616
IR,RED,36019,26306
IR,RED,36601,26724
IR,RED,36567,26907
IR,RED,36583,27136
IR,RED,36747,27531
IR,RED,37076,28037
IR,RED,37782,29032
IR,RED,38459,29906
IR,RED,38859,30518
IR,RED,39052,31019
IR,RED,38854,31455
IR,RED,38299,31726
IR,RED,37504,31905
IR,RED,36614,31992
IR,RED,35839,32104
IR,RED,35452,32384
IR,RED,35836,33057
IR,RED,37095,34325
IR,RED,39299,36343
IR,RED,42010,39325
IR,RED,44945,42039
IR,RED,47366,44633
IR,RED,48568,46412
IR,RED,49630,47690
IR,RED,49552,48048
IR,RED,48878,47718
IR,RED,47971,46976
IR,RED,46226,45503
IR,RED,43089,42927
IR,RED,40960,40960
IR,RED,34362,34904
IR,RED,32768,32768
IR,RED,27014,27603
IR,RED,24757,25280
IR,RED,23055,23500
IR,RED,22055,22443
IR,RED,21390,21704
IR,RED,20956,21196
IR,RED,20699,20854
IR,RED,20611,20661
IR,RED,20632,20576
IR,RED,20793,20686
IR,RED,21088,20962
IR,RED,21501,21408
IR,RED,21943,21964
IR,RED,22367,22559
IR,RED,22772,23173
IR,RED,23073,23718
IR,RED,23281,24175
IR,RED,23374,24514
IR,RED,23387,24732
IR,RED,23231,24817
IR,RED,22919,24736
IR,RED,22386,24424
IR,RED,21704,23930
IR,RED,21022,23430
IR,RED,20374,23044
IR,RED,19332,22610
IR,RED,17776,21726
IR,RED,16384,20280
IR,RED,13543,18352
IR,RED,11411,16384
IR,RED,9639,14267
IR,RED,8293,12580
IR,RED,7196,11292
IR,RED,6596,10364
IR,RED,6230,9735
IR,RED,6043,9351
IR,RED,6013,9179
IR,RED,6151,9015
IR,RED,6471,9240
IR,RED,6990,9660
IR,RED,7715,10241
IR,RED,8635,10950
IR,RED,9683,11722
IR,RED,10857,12746
IR,RED,12118,13630
IR,RED,13666,14636
IR,RED,15126,15743
IR,RED,16695,16987
IR,RED,18360,18404
IR,RED,20194,19988
IR,RED,22053,21606
IR,RED,23968,23322
IR,RED,25770,25005
IR,RED,27564,26616
IR,RED,29241,28214
IR,RED,31009,30004
IR,RED,32346,31461
IR,RED,33438,32754
IR,RED,34189,33749
IR,RED,34558,34478
IR,RED,34503,34790
IR,RED,33990,34587
IR,RED,32983,33888
IR,RED,31494,32765
IR,RED,29585,31189
IR,RED,27359,29254
IR,RED,24820,26985
IR,RED,21965,24576
IR,RED,19250,21646
IR,RED,16687,19093
IR,RED,14519,16772
IR,RED,12710,14898
IR,RED,11255,13345
IR,RED,10076,12134
IR,RED,9157,11224
IR,RED,8213,10488
IR,RED,7578,9922
IR,RED,7027,9433
IR,RED,6558,9033
IR,RED,6163,8536
IR,RED,5805,8275
IR,RED,5510,8095
IR,RED,5245,7947
IR,RED,4997,7853
IR,RED,4754,7783
IR,RED,4536,7712
IR,RED,4317,7607
IR,RED,4123,7496
IR,RED,3964,7375
IR,RED,3804,7238
IR,RED,3665,7089
IR,RED,3509,6913
IR,RED,3339,6692
IR,RED,3151,6446
IR,RED,2949,6148
IR,RED,2733,5818
IR,RED,2528,5499
IR,RED,2319,5178
IR,RED,2133,4855
IR,RED,1961,4532
IR,RED,1798,4251
IR,RED,1654,3984
IR,RED,1526,3737
IR,RED,1428,3534
IR,RED,1340,3368
IR,RED,1285,3226
IR,RED,1236,3110
IR,RED,1205,3033
IR,RED,1198,2982
IR,RED,1436,2961
IR,RED,1459,2968
IR,RED,1504,3010
IR,RED,1569,3104
IR,RED,1684,3246
IR,RED,1828,3431
IR,RED,2008,3664
IR,RED,2213,3940
IR,RED,2437,4234
IR,RED,2688,4552
IR,RED,2948,4869
IR,RED,3183,5178
IR,RED,3383,5451
IR,RED,3527,5679
IR,RED,3604,5850
IR,RED,3602,5954
IR,RED,3517,5973
IR,RED,3384,5928
IR,RED,3191,5804
IR,RED,2990,5643
IR,RED,2838,5492
IR,RED,2762,5406
IR,RED,2805,5459
IR,RED,2985,5645
IR,RED,3303,6026
IR,RED,3822,6602
IR,RED,4545,7417
IR,RED,5494,8422
IR,RED,6651,9584
IR,RED,7978,10841
IR,RED,9266,12061
IR,RED,10458,13314
IR,RED,11548,14246
IR,RED,12651,14957
IR,RED,13327,15366
IR,RED,13690,15377
IR,RED,13745,15072
IR,RED,13641,14622
IR,RED,13488,14111
IR,RED,13245,13591
IR,RED,12951,13082
IR,RED,12636,12596
IR,RED,12321,12188
IR,RED,11993,11850
IR,RED,11629,11568
IR,RED,11152,11359
IR,RED,10473,11159
IR,RED,9644,10890
IR,RED,8813,10553
IR,RED,7913,10267
IR,RED,8698,10064
IR,RED,8437,10057
IR,RED,8691,10390
IR,RED,9586,11189
IR,RED,11270,12511
IR,RED,14078,14460
IR,RED,17531,16921
IR,RED,21938,19790
IR,RED,26817,22781
IR,RED,30551,25474
IR,RED,35740,27070
IR,RED,37812,27144
IR,RED,37880,25619
IR,RED,36125,23502
IR,RED,33838,21536
IR,RED,32768,19874
IR,RED,29164,18498
IR,RED,27434,17386
IR,RED,26036,16627
IR,RED,24842,16101
IR,RED,23590,15776
IR,RED,22767,15730
IR,RED,22305,15933
IR,RED,22264,16466
IR,RED,22848,17331
IR,RED,24229,18808
IR,RED,26499,20984
IR,RED,30072,23876
IR,RED,35297,27422
IR,RED,38636,30487
IR,RED,46898,34855
IR,RED,51337,37108
IR,RED,52719,37913
IR,RED,50919,35617
IR,RED,49152,32768
IR,RED,40960,26769
IR,RED,33998,24576
IR,RED,32768,18561
IR,RED,24576,16384
IR,RED,20581,13260
IR,RED,18208,11478
IR,RED,16539,10276
IR,RED,15657,9578
IR,RED,15519,9435
IR,RED,16297,9955
IR,RED,18111,11279
IR,RED,21080,13509
IR,RED,25046,16701
IR,RED,30315,20718
IR,RED,38651,25307
IR,RED,46911,30457
IR,RED,55093,35960
IR,RED,63241,39679
IR,RED,65535,40861
IR,RED,65535,39096
IR,RED,61079,35511
IR,RED,57344,32768
IR,RED,49152,25346
IR,RED,40960,20832
IR,RED,32768,16981
IR,RED,24576,13797
IR,RED,19879,11223
IR,RED,16697,9262
IR,RED,14448,8192
IR,RED,12847,6701
IR,RED,11827,6105
IR,RED,11313,5836
IR,RED,11237,5869
IR,RED,11519,6192
IR,RED,12132,6768
IR,RED,13063,7602
IR,RED,14416,8686
IR,RED,16335,10085
IR,RED,19106,11874
IR,RED,22374,14299
IR,RED,27583,16804
IR,RED,30495,19271
IR,RED,36423,21276
IR,RED,38668,22146
IR,RED,38712,21961
IR,RED,37478,20987
IR,RED,35758,19728
IR,RED,34101,18518
IR,RED,32768,17386
IR,RED,30695,16362
IR,RED,29380,15489
IR,RED,27949,14671
IR,RED,26700,13948
IR,RED,25887,13489
IR,RED,25628,13437
IR,RED,26029,13792
IR,RED,27208,14715
IR,RED,28949,16063
IR,RED,31280,17741
IR,RED,34144,19763
IR,RED,37435,21870
IR,RED,41247,23828
IR,RED,44636,25353
IR,RED,46640,26183
IR,RED,47259,25967
IR,RED,47013,25495
IR,RED,46015,24733
IR,RED,44195,23527
IR,RED,42260,22376
IR,RED,40960,21124
IR,RED,37686,19825
IR,RED,35295,18445
IR,RED,32834,17046
IR,RED,29903,15711
IR,RED,27291,14335
IR,RED,24919,13110
IR,RED,22754,12123
IR,RED,21076,11367
IR,RED,19627,10773
IR,RED,18351,10313
IR,RED,17165,9894
IR,RED,16071,9470
IR,RED,14961,9029
IR,RED,13853,8390
IR,RED,12783,7915
IR,RED,11810,7483
IR,RED,10926,7078
IR,RED,10112,6727
IR,RED,9347,6402
IR,RED,8604,6086
IR,RED,7682,5759
IR,RED,6940,5419
IR,RED,6221,5062
IR,RED,5513,4686
IR,RED,4833,4327
IR,RED,4186,3974
IR,RED,3588,3610
IR,RED,3057,3260
IR,RED,2570,2924
IR,RED,2155,2604
IR,RED,1795,2292
IR,RED,1492,2013
IR,RED,1233,1748
IR,RED,1027,1497
IR,RED,874,1274
IR,RED,752,1077
IR,RED,668,909
IR,RED,611,755
IR,RED,572,642
IR,RED,543,527
IR,RED,535,450
IR,RED,520,389
IR,RED,516,336
IR,RED,509,301
IR,RED,505,277
IR,RED,495,258
IR,RED,498,252
IR,RED,498,251
IR,RED,505,251
IR,RED,506,243
IR,RED,511,241
IR,RED,509,243
IR,RED,519,250
IR,RED,518,249
IR,RED,529,258
IR,RED,553,258
IR,RED,560,266
IR,RED,568,270
IR,RED,578,276
IR,RED,595,290
IR,RED,623,293
IR,RED,641,308
IR,RED,666,319
IR,RED,699,336
IR,RED,731,347
IR,RED,763,367
IR,RED,799,396
IR,RED,842,412
IR,RED,886,448
IR,RED,931,472
IR,RED,980,505
IR,RED,1037,543
IR,RED,1101,580
IR,RED,1171,622
IR,RED,1251,679
IR,RED,1349,727
IR,RED,1438,790
IR,RED,1540,855
IR,RED,1653,919
IR,RED,1766,994
IR,RED,1893,1072
IR,RED,2035,1171
IR,RED,2201,1279
IR,RED,2388,1403
IR,RED,2601,1547
IR,RED,2840,1697
IR,RED,3105,1881
IR,RED,3376,2073
IR,RED,3696,2290
IR,RED,4038,2534
IR,RED,4411,2810
IR,RED,4829,3108
IR,RED,5296,3431
IR,RED,5823,3810
IR,RED,6374,4190
IR,RED,7006,4641
IR,RED,7642,5133
IR,RED,8280,5600
IR,RED,8893,6064
IR,RED,9497,6530
IR,RED,10074,6929
IR,RED,10691,7337
IR,RED,11351,7764
IR,RED,12303,8233
IR,RED,13204,8796
IR,RED,14248,9444
IR,RED,15446,10216
IR,RED,16759,11152
IR,RED,18311,12191
IR,RED,20266,13609
IR,RED,22632,15123
IR,RED,25314,16955
IR,RED,28518,19070
IR,RED,32211,21456
IR,RED,35782,23994
IR,RED,38708,26414
IR,RED,43108,28610
IR,RED,45832,30743
IR,RED,48268,32543
IR,RED,50098,33965
IR,RED,52809,35631
IR,RED,55921,37718
IR,RED,58777,39966
IR,RED,62260,42019
IR,RED,65535,44264
IR,RED,65535,47137
IR,RED,65535,49938
IR,RED,65535,52700
IR,RED,65535,55611
IR,RED,65535,58938
IR,RED,65535,62477
IR,RED,65535,65535
IR,RED,65535,65535
IR,RED,65535,65535
IR,RED,65535,65535
IR,RED,65535,65535
IR,RED,65535,65535
IR,RED,65535,65535
IR,RED,65535,65535
IR,RED,65535,65535
IR,RED,65535,65535
IR,RED,65535,65535
IR,RED,65535,65535
IR,RED,65535,65535
IR,RED,65535,65535
IR,RED,65535,65535
IR,RED,65535,65535
IR,RED,65535,65535
IR,RED,65535,64936
IR,RED,65535,65535
IR,RED,65535,63858
IR,RED,65535,63231
IR,RED,65535,62626
IR,RED,65535,61322
IR,RED,65535,61322
IR,RED,65535,61429
IR,RED,65535,59701
IR,RED,65535,59007
IR,RED,65535,59341
IR,RED,65535,57363
IR,RED,65535,57298
IR,RED,65535,55329
IR,RED,63885,52938
IR,RED,57696,51201
IR,RED,49573,49152
IR,RED,42783,42336
IR,RED,42474,40960
IR,RED,47574,40418
IR,RED,55045,46869
IR,RED,63153,55067
IR,RED,65535,63285
IR,RED,65535,65535
IR,RED,65535,65535
IR,RED,65535,65535
IR,RED,65535,65535
IR,RED,65535,65535
IR,RED,65535,65535
IR,RED,65535,65535
IR,RED,65535,65535
IR,RED,65535,65535
IR,RED,65535,65535
IR,RED,65535,65535
IR,RED,65535,65535
IR,RED,65535,65535
IR,RED,65535,65535
IR,RED,65535,65535
IR,RED,65535,65535
IR,RED,65535,65535
IR,RED,65535,65535
IR,RED,65535,65535
IR,RED,65535,65535
IR,RED,65535,65535
IR,RED,65535,65535
IR,RED,65535,65535
IR,RED,65535,65535
IR,RED,65535,65535
IR,RED,65535,65535
IR,RED,65535,65535
IR,RED,65535,65535
IR,RED,65535,65535
IR,RED,65535,65535
IR,RED,65535,65535
IR,RED,65535,65535
IR,RED,65535,65535
IR,RED,65535,65535
IR,RED,65535,65535
IR,RED,65535,65535
IR,RED,65535,65535
IR,RED,65535,65535
IR,RED,65535,65535
IR,RED,65535,65535
IR,RED,65535,65535
IR,RED,65535,65535
IR,RED,65535,65535
IR,RED,65535,65535
IR,RED,65535,65535
IR,RED,65535,65535
IR,RED,65535,65535
IR,RED,65535,65535
IR,RED,65535,65535
IR,RED,65535,65535
IR,RED,65535,65535
IR,RED,65535,65535
IR,RED,65535,65535
IR,RED,65535,65535
IR,RED,65535,65535
IR,RED,65535,65535
IR,RED,65535,65535
IR,RED,65535,65535
IR,RED,65535,65535
IR,RED,65535,65535
IR,RED,65535,65535
IR,RED,65535,65535
IR,RED,65535,65535
IR,RED,65535,65535
IR,RED,65535,65535
IR,RED,65535,65535
IR,RED,65535,65535
IR,RED,65535,65535
IR,RED,65535,65535
IR,RED,65535,65535
IR,RED,64677,65535
IR,RED,57344,65535
IR,RED,49152,65535
IR,RED,47767,65535
IR,RED,47777,65535
IR,RED,47765,65535
IR,RED,47791,65535
IR,RED,47793,65535
IR,RED,47776,65535
IR,RED,47805,65535
IR,RED,47802,65535
IR,RED,47814,65535
IR,RED,47843,65535
IR,RED,47823,65535
IR,RED,47833,65535
IR,RED,47829,65535
IR,RED,47821,65535
IR,RED,47827,65535
IR,RED,47823,65535
IR,RED,47822,65535
IR,RED,47821,65535
IR,RED,47846,65535
IR,RED,47839,65535
IR,RED,47840,65535
IR,RED,47846,65535
IR,RED,47834,65535
IR,RED,47836,65535
IR,RED,47846,65535
IR,RED,47858,65535
IR,RED,47842,65535
IR,RED,47858,65535
IR,RED,47846,65535
IR,RED,47859,65535
IR,RED,47845,65535
IR,RED,47851,65535
IR,RED,47864,65535
IR,RED,47854,65535
IR,RED,47859,65535
IR,RED,47868,65535
IR,RED,47855,65535
IR,RED,47864,65535
IR,RED,47876,65535
IR,RED,47859,65535
IR,RED,47877,65535
IR,RED,47886,65535
IR,RED,47872,65535
IR,RED,47860,65535
IR,RED,47862,65535
IR,RED,47875,65535
