IR,RED,beat_event
55617.0,61773.0,0
55603.0,61793.0,0
55598.0,61789.0,0
55623.0,61793.0,0
55613.0,61790.0,0
55619.0,61792.0,0
55612.0,61791.0,0
55627.0,61813.0,0
55618.0,61788.0,0
55620.0,61803.0,0
55611.0,61810.0,0
55624.0,61794.0,0
55612.0,61817.0,0
55629.0,61810.0,0
55603.0,61782.0,0
55614.0,61797.0,0
55619.0,61795.0,0
55629.0,61805.0,0
55617.0,61804.0,0
55615.0,61814.0,0
55624.0,61804.0,0
55642.0,61813.0,0
55635.0,61803.0,0
55628.0,61803.0,0
55634.0,61835.0,0
55635.0,61826.0,0
55640.0,61826.0,0
55644.0,61830.0,0
55627.0,61828.0,0
55638.0,61818.0,0
55645.0,61805.0,0
55637.0,61827.0,0
55632.0,61818.0,0
55637.0,61830.0,0
55636.0,61819.0,0
55649.0,61836.0,0
55650.0,61813.0,0
55634.0,61815.0,0
55636.0,61793.0,0
55645.0,61809.0,0
55646.0,61808.0,0
55640.0,61806.0,0
55655.0,61823.0,0
55664.0,61844.0,0
55649.0,61826.0,0
55644.0,61829.0,0
55642.0,61846.0,0
55657.0,61823.0,0
55646.0,61821.0,0
55649.0,61829.0,0
55628.0,61835.0,0
55648.0,61815.0,0
55659.0,61820.0,0
55657.0,61808.0,0
55670.0,61814.0,0
55655.0,61826.0,0
55670.0,61813.0,0
55673.0,61806.0,0
55656.0,61808.0,0
55665.0,61787.0,0
55660.0,61799.0,0
55660.0,61823.0,0
55659.0,61813.0,0
55673.0,61813.0,0
55648.0,61815.0,0
55652.0,61813.0,0
55663.0,61829.0,0
55671.0,61836.0,0
55653.0,61802.0,0
55667.0,61817.0,0
55666.0,61837.0,0
55641.0,61821.0,0
55644.0,61815.0,0
55647.0,61817.0,0
55649.0,61845.0,0
55664.0,61832.0,0
55652.0,61822.0,0
55683.0,61838.0,0
55669.0,61846.0,0
55676.0,61844.0,0
55672.0,61836.0,0
55668.0,61832.0,0
55669.0,61871.0,0
55695.0,61849.0,0
55680.0,61861.0,0
55677.0,61838.0,0
55661.0,61852.0,0
55671.0,61846.0,0
55683.0,61844.0,0
55685.0,61853.0,0
55686.0,61859.0,0
55679.0,61856.0,0
55673.0,61839.0,0
55667.0,61841.0,0
55681.0,61863.0,0
55666.0,61878.0,0
55676.0,61850.0,0
55667.0,61844.0,0
55687.0,61867.0,0
55673.0,61854.0,0
55688.0,61863.0,0
55693.0,61864.0,0
55685.0,61856.0,0
55679.0,61855.0,0
55682.0,61874.0,0
55682.0,61854.0,0
55688.0,61868.0,0
55704.0,61844.0,0
55689.0,61846.0,0
55703.0,61873.0,0
55677.0,61850.0,0
55684.0,61873.0,0
55695.0,61860.0,0
55680.0,61859.0,0
55696.0,61858.0,0
55698.0,61848.0,0
55690.0,61861.0,0
55677.0,61857.0,0
55686.0,61859.0,0
55687.0,61873.0,0
55689.0,61849.0,0
55686.0,61865.0,0
55696.0,61841.0,0
55694.0,61852.0,0
55702.0,61866.0,0
55690.0,61877.0,0
55704.0,61858.0,0
55714.0,61856.0,0
55701.0,61863.0,0
55705.0,61877.0,0
55712.0,61875.0,0
55711.0,61878.0,0
55711.0,61861.0,0
55701.0,61875.0,0
55714.0,61873.0,0
55717.0,61899.0,0
55693.0,61881.0,0
55724.0,61877.0,0
55705.0,61873.0,0
55708.0,61888.0,0
55733.0,61888.0,0
55718.0,61891.0,0
55738.0,61875.0,0
55736.0,61886.0,0
55697.0,61877.0,0
55728.0,61872.0,0
55715.0,61885.0,0
55736.0,61870.0,0
55724.0,61892.0,0
55755.0,61879.0,0
55732.0,61883.0,0
55718.0,61900.0,0
55721.0,61906.0,0
55747.0,61893.0,0
55740.0,61907.0,0
55714.0,61887.0,0
55727.0,61891.0,0
55727.0,61874.0,0
55744.0,61886.0,0
55736.0,61867.0,0
55749.0,61891.0,0
55730.0,61902.0,0
55714.0,61877.0,0
55723.0,61887.0,0
55753.0,61903.0,0
55753.0,61909.0,0
55737.0,61894.0,0
55731.0,61900.0,0
55753.0,61922.0,0
55746.0,61907.0,0
55729.0,61899.0,0
55729.0,61908.0,0
55728.0,61891.0,0
55712.0,61901.0,0
55729.0,61876.0,0
55739.0,61904.0,0
55731.0,61899.0,0
55712.0,61914.0,0
55743.0,61920.0,0
55735.0,61919.0,0
55730.0,61910.0,0
55731.0,61918.0,0
55736.0,61910.0,0
55742.0,61921.0,0
55725.0,61911.0,0
55736.0,61921.0,0
55730.0,61897.0,0
55721.0,61893.0,0
55735.0,61915.0,0
55732.0,61917.0,0
55724.0,61912.0,0
55742.0,61910.0,0
55737.0,61917.0,0
55725.0,61894.0,0
55735.0,61906.0,0
55734.0,61919.0,0
55739.0,61904.0,0
55749.0,61913.0,0
55713.0,61911.0,0
55731.0,61901.0,0
55755.0,61926.0,0
55746.0,61916.0,0
55756.0,61928.0,0
55737.0,61927.0,0
55741.0,61892.0,0
55735.0,61917.0,0
55739.0,61902.0,0
55732.0,61917.0,0
55758.0,61903.0,0
55754.0,61892.0,0
55749.0,61891.0,0
55764.0,61914.0,0
55757.0,61892.0,0
55757.0,61912.0,0
55751.0,61920.0,0
55773.0,61925.0,0
55768.0,61916.0,0
55758.0,61914.0,0
55753.0,61928.0,0
55750.0,61920.0,0
55751.0,61935.0,0
55750.0,61924.0,0
55741.0,61919.0,0
55741.0,61905.0,0
55737.0,61912.0,0
55761.0,61911.0,0
55735.0,61902.0,0
55761.0,61908.0,0
55764.0,61905.0,0
55762.0,61925.0,0
55746.0,61916.0,0
55767.0,61915.0,0
55742.0,61943.0,0
55768.0,61934.0,0
55750.0,61931.0,0
55762.0,61925.0,0
55755.0,61932.0,0
55767.0,61929.0,0
55771.0,61919.0,0
55772.0,61924.0,0
55765.0,61932.0,0
55754.0,61920.0,0
55778.0,61908.0,0
55780.0,61930.0,0
55780.0,61936.0,0
55782.0,61949.0,0
55782.0,61928.0,0
55776.0,61937.0,0
55781.0,61942.0,0
55761.0,61926.0,0
55767.0,61923.0,0
55788.0,61941.0,0
55781.0,61928.0,0
55786.0,61938.0,0
55789.0,61931.0,0
55778.0,61942.0,0
55790.0,61943.0,0
55803.0,61962.0,0
55796.0,61936.0,0
55783.0,61955.0,0
55791.0,61941.0,0
55785.0,61923.0,0
55798.0,61943.0,0
55808.0,61953.0,0
55798.0,61950.0,0
55807.0,61949.0,0
55806.0,61945.0,0
55801.0,61936.0,0
55787.0,61954.0,0
55789.0,61950.0,0
55819.0,61917.0,0
55803.0,61930.0,0
55817.0,61908.0,0
55807.0,61931.0,0
55796.0,61924.0,0
55816.0,61924.0,0
55820.0,61920.0,0
55798.0,61939.0,0
55790.0,61939.0,0
55794.0,61947.0,0
55817.0,61925.0,0
55817.0,61948.0,0
55805.0,61959.0,0
55811.0,61933.0,0
55810.0,61949.0,0
55831.0,61949.0,0
55833.0,61967.0,0
55820.0,61947.0,0
55821.0,61948.0,0
55825.0,61974.0,0
55821.0,61940.0,0
55817.0,61944.0,0
55851.0,61945.0,0
55831.0,61955.0,0
55836.0,61939.0,0
55841.0,61935.0,0
55838.0,61946.0,0
55823.0,61953.0,0
55827.0,61953.0,0
55808.0,61945.0,0
55808.0,61948.0,0
55816.0,61968.0,0
55802.0,61958.0,0
55825.0,61962.0,0
55829.0,61959.0,0
55835.0,61954.0,0
55814.0,61968.0,0
55850.0,61954.0,0
55836.0,61957.0,0
55843.0,61965.0,0
55833.0,61957.0,0
55838.0,61941.0,0
55827.0,61962.0,0
55836.0,61969.0,0
55828.0,61977.0,0
55853.0,61976.0,0
55828.0,61960.0,0
55810.0,61946.0,0
55833.0,61974.0,0
55828.0,61967.0,0
55825.0,61959.0,0
55825.0,61952.0,0
55824.0,61964.0,0
55831.0,61971.0,0
55829.0,61992.0,0
55827.0,61985.0,0
55841.0,61989.0,0
55830.0,61994.0,0
55813.0,61979.0,0
55822.0,61974.0,0
55848.0,61972.0,0
55830.0,61974.0,0
55842.0,61982.0,0
55837.0,61989.0,0
55832.0,61989.0,0
55832.0,61983.0,0
55842.0,61969.0,0
55835.0,61992.0,0
55841.0,61986.0,0
55842.0,61971.0,0
55863.0,62006.0,0
55848.0,61987.0,0
55848.0,62001.0,0
55827.0,61992.0,0
55849.0,61980.0,0
55822.0,61985.0,0
55831.0,61982.0,0
55816.0,61981.0,0
55852.0,61989.0,0
55840.0,61985.0,0
55852.0,62009.0,0
55847.0,62005.0,0
55851.0,61989.0,0
55841.0,61988.0,0
55849.0,62006.0,0
55846.0,61988.0,0
55848.0,61996.0,0
55846.0,62008.0,0
55842.0,61989.0,0
55840.0,61982.0,0
55861.0,62015.0,0
55838.0,61990.0,0
55847.0,62005.0,0
55828.0,61995.0,0
55842.0,62025.0,0
55861.0,62014.0,0
55854.0,62010.0,0
55844.0,62000.0,0
55844.0,62011.0,0
55840.0,61986.0,0
55848.0,61998.0,0
55826.0,62017.0,0
55851.0,61999.0,0
55852.0,61998.0,0
55840.0,62010.0,0
55829.0,61985.0,0
55847.0,61998.0,0
55840.0,61984.0,0
55846.0,62011.0,0
55869.0,61995.0,0
55853.0,62001.0,0
55854.0,61996.0,0
55866.0,62013.0,0
55862.0,61999.0,0
55877.0,62009.0,0
55855.0,62005.0,0
55860.0,62008.0,0
55868.0,61993.0,0
55852.0,62003.0,0
55856.0,62002.0,0
55844.0,62002.0,0
55858.0,61991.0,0
55856.0,62010.0,0
55873.0,61993.0,0
55857.0,61999.0,0
55849.0,61994.0,0
55865.0,61984.0,0
55856.0,61996.0,0
55878.0,62001.0,0
55871.0,62009.0,0
55874.0,61999.0,0
55871.0,62013.0,0
55859.0,62006.0,0
55850.0,62037.0,0
55870.0,62017.0,0
55863.0,61998.0,0
55899.0,62028.0,0
55906.0,62037.0,0
55877.0,62048.0,0
55820.0,62024.0,0
55853.0,62015.0,0
55874.0,62031.0,0
55917.0,62034.0,0
55885.0,62017.0,0
55858.0,62017.0,0
55869.0,62010.0,0
55874.0,62017.0,0
55873.0,61994.0,0
56032.0,62115.0,0
56600.0,62461.0,0
57494.0,63085.0,0
58725.0,64131.0,0
60347.0,65535.0,0
61499.0,65535.0,0
62737.0,65535.0,0
63478.0,65535.0,0
63869.0,65535.0,0
63815.0,65535.0,0
64231.0,65535.0,0
65535.0,65535.0,0
65535.0,65535.0,0
60130.0,64794.0,0
62442.0,64033.0,0
59256.0,63978.0,0
60347.0,64074.0,0
59108.0,64060.0,0
58649.0,65302.0,0
59946.0,63913.0,0
60636.0,64867.0,0
58788.0,63985.0,0
60221.0,64765.0,0
58183.0,63147.0,0
60154.0,65417.0,0
63230.0,65535.0,0
65404.0,65535.0,0
65535.0,65535.0,0
65535.0,65535.0,0
65535.0,65535.0,0
61313.0,65535.0,0
57344.0,59999.0,0
49152.0,57344.0,0
40960.0,49152.0,0
32768.0,40960.0,0
24576.0,32768.0,0
16384.0,24576.0,0
8192.0,16384.0,0
5941.0,8313.0,0
4823.0,6510.0,0
4045.0,5350.0,0
3506.0,4520.0,0
3108.0,3920.0,0
2796.0,3447.0,0
2520.0,3062.0,0
2282.0,2746.0,0
2103.0,2501.0,0
1950.0,2322.0,0
1835.0,2209.0,0
1751.0,2106.0,0
1670.0,2032.0,0
1594.0,1944.0,0
1519.0,1859.0,0
1438.0,1772.0,0
1356.0,1680.0,0
1273.0,1594.0,0
1192.0,1505.0,0
1114.0,1418.0,0
1043.0,1321.0,0
969.0,1224.0,0
903.0,1130.0,0
858.0,1034.0,0
811.0,955.0,0
768.0,899.0,0
736.0,841.0,0
705.0,796.0,0
675.0,761.0,0
653.0,734.0,0
639.0,718.0,0
630.0,717.0,0
626.0,722.0,0
628.0,733.0,0
633.0,740.0,0
647.0,751.0,0
640.0,761.0,0
659.0,770.0,0
658.0,778.0,0
650.0,774.0,0
639.0,751.0,0
608.0,723.0,0
581.0,683.0,0
556.0,660.0,0
528.0,610.0,0
503.0,571.0,0
485.0,542.0,0
562.0,500.0,0
544.0,471.0,0
531.0,450.0,0
515.0,429.0,0
503.0,425.0,0
501.0,421.0,0
499.0,415.0,0
509.0,425.0,0
520.0,434.0,0
539.0,463.0,0
570.0,499.0,0
612.0,548.0,0
644.0,587.0,0
686.0,633.0,0
706.0,671.0,0
731.0,708.0,0
725.0,710.0,0
727.0,706.0,0
703.0,695.0,0
689.0,667.0,0
676.0,628.0,0
656.0,601.0,0
630.0,572.0,0
608.0,547.0,0
597.0,518.0,0
588.0,510.0,0
578.0,503.0,0
576.0,495.0,0
571.0,499.0,0
588.0,511.0,0
608.0,539.0,0
637.0,574.0,0
683.0,621.0,0
738.0,678.0,0
796.0,739.0,0
870.0,816.0,0
929.0,874.0,0
978.0,935.0,0
1013.0,988.0,0
1039.0,1014.0,0
1039.0,1041.0,0
1028.0,1033.0,0
1015.0,1010.0,0
992.0,968.0,0
966.0,935.0,0
949.0,898.0,0
928.0,861.0,0
918.0,835.0,0
897.0,816.0,0
893.0,825.0,0
1068.0,836.0,0
1098.0,878.0,0
1172.0,937.0,0
1265.0,1025.0,0
1395.0,1130.0,0
1561.0,1280.0,0
1728.0,1424.0,0
1910.0,1591.0,0
2065.0,1742.0,0
2158.0,1856.0,0
2198.0,1924.0,0
2164.0,1927.0,0
2071.0,1856.0,0
1932.0,1738.0,0
1779.0,1593.0,0
1631.0,1436.0,0
1487.0,1292.0,0
1378.0,1157.0,0
1276.0,1052.0,0
1199.0,962.0,0
1142.0,910.0,0
1096.0,860.0,0
1079.0,838.0,0
1086.0,841.0,0
1125.0,876.0,0
1198.0,925.0,0
1296.0,1001.0,0
1411.0,1102.0,0
1548.0,1223.0,0
1686.0,1360.0,0
1806.0,1489.0,0
1878.0,1593.0,0
1883.0,1648.0,0
1836.0,1636.0,0
1731.0,1560.0,0
1590.0,1436.0,0
1442.0,1295.0,0
1309.0,1138.0,0
1184.0,1005.0,0
1094.0,893.0,0
1016.0,806.0,0
963.0,733.0,0
908.0,694.0,0
893.0,664.0,0
893.0,658.0,0
916.0,673.0,0
959.0,716.0,0
1035.0,780.0,0
1135.0,857.0,0
1431.0,959.0,0
1567.0,1066.0,0
1704.0,1191.0,0
1817.0,1291.0,0
1871.0,1381.0,0
1865.0,1403.0,0
1790.0,1379.0,0
1658.0,1293.0,0
1509.0,1180.0,0
1360.0,1045.0,0
1227.0,918.0,0
1107.0,808.0,0
1030.0,725.0,0
971.0,651.0,0
920.0,602.0,0
903.0,566.0,0
908.0,562.0,0
938.0,583.0,0
1005.0,613.0,0
1117.0,680.0,0
1261.0,778.0,0
1454.0,916.0,0
1682.0,1090.0,0
1929.0,1312.0,0
2177.0,1552.0,0
2397.0,1784.0,0
2509.0,1951.0,0
2502.0,2022.0,0
2396.0,1983.0,0
2218.0,1839.0,0
2028.0,1641.0,0
1840.0,1447.0,0
1706.0,1277.0,0
1602.0,1146.0,0
1538.0,1049.0,0
1507.0,991.0,0
1520.0,974.0,0
1581.0,1002.0,0
1724.0,1093.0,0
1922.0,1236.0,0
2244.0,1456.0,0
2685.0,1783.0,0
3279.0,2224.0,0
4061.0,2823.0,0
5062.0,3604.0,0
6294.0,4580.0,0
7694.0,5729.0,0
9132.0,6907.0,0
10449.0,8001.0,0
11377.0,8821.0,0
12183.0,9238.0,0
12527.0,9457.0,0
12776.0,9535.0,0
12933.0,9600.0,0
13192.0,9655.0,0
13449.0,9819.0,0
14064.0,10141.0,0
14694.0,10615.0,0
15435.0,11209.0,0
16155.0,11835.0,0
17031.0,12699.0,0
17833.0,13358.0,0
18555.0,13894.0,0
19397.0,14424.0,0
20278.0,15015.0,0
21246.0,15696.0,0
22425.0,16519.0,0
23868.0,17494.0,0
25483.0,18691.0,0
27201.0,19987.0,0
28902.0,21244.0,0
30684.0,22413.0,0
32092.0,23524.0,0
33175.0,24454.0,0
34073.0,25098.0,0
35176.0,25788.0,0
36661.0,26699.0,0
39004.0,27986.0,0
41258.0,29826.0,0
43451.0,31472.0,0
45512.0,32925.0,0
47593.0,34132.0,0
49353.0,35313.0,0
51014.0,36476.0,0
52197.0,37670.0,0
53190.0,38341.0,0
54144.0,39001.0,0
55436.0,39864.0,0
56876.0,40992.0,0
58248.0,42111.0,0
60122.0,43280.0,0
62905.0,44878.0,0
65535.0,47148.0,0
65535.0,49319.0,0
65535.0,51662.0,0
65535.0,54260.0,0
65535.0,56992.0,0
65535.0,60459.0,0
65535.0,65535.0,0
65535.0,65535.0,0
65535.0,65535.0,0
65535.0,65535.0,0
65535.0,65535.0,0
65535.0,65535.0,0
65535.0,65535.0,0
65535.0,65535.0,0
65535.0,58679.0,0
58869.0,57344.0,0
57344.0,49152.0,0
56171.0,46649.0,0
60103.0,46107.0,0
55803.0,45300.0,0
52891.0,44480.0,0
49917.0,43238.0,0
47358.0,41644.0,0
44907.0,39290.0,0
42193.0,37111.0,0
40960.0,35024.0,0
36580.0,32842.0,0
33883.0,30283.0,0
32768.0,28270.0,0
30116.0,27005.0,0
30292.0,26976.0,0
30883.0,27258.0,0
32177.0,27983.0,0
34256.0,29365.0,0
36974.0,31335.0,0
39645.0,33212.0,0
41019.0,34555.0,0
41360.0,35100.0,0
41620.0,35301.0,0
41958.0,35611.0,0
42325.0,35931.0,0
42532.0,36589.0,0
42632.0,36694.0,0
42895.0,36822.0,0
43810.0,37272.0,0
46142.0,38591.0,0
50670.0,41350.0,0
55133.0,45889.0,0
63235.0,52169.0,0
65535.0,55094.0,0
65535.0,63309.0,0
65535.0,65535.0,0
65535.0,65535.0,0
65535.0,65535.0,0
65535.0,65535.0,0
65535.0,65535.0,0
65535.0,65535.0,0
65045.0,65535.0,0
65535.0,65535.0,0
65535.0,65535.0,0
65535.0,65535.0,0
65535.0,65535.0,0
65535.0,65535.0,0
65535.0,65535.0,0
65535.0,65535.0,0
65535.0,65535.0,0
65535.0,65535.0,0
65535.0,65535.0,0
65535.0,65535.0,0
65535.0,65535.0,0
65535.0,65535.0,0
65535.0,65535.0,0
65535.0,65535.0,0
65535.0,65535.0,0
65535.0,65535.0,0
65535.0,65535.0,0
65535.0,65535.0,0
65535.0,65535.0,0
65535.0,65535.0,0
65535.0,65535.0,0
65535.0,65535.0,0
65535.0,65535.0,0
65535.0,65535.0,0
65535.0,65535.0,0
65535.0,65535.0,0
65535.0,65535.0,0
65535.0,65535.0,0
65535.0,65535.0,0
65535.0,65535.0,0
65535.0,65535.0,0
65535.0,65535.0,0
65535.0,65535.0,0
65296.0,65535.0,0
63696.0,65535.0,0
61340.0,64016.0,0
58259.0,61179.0,0
54768.0,57986.0,0
51081.0,54121.0,0
49152.0,49605.0,0
41041.0,44370.0,0
35460.0,40960.0,0
32768.0,35745.0,0
30772.0,34508.0,0
29726.0,33685.0,0
29330.0,32786.0,0
29279.0,32670.0,0
29509.0,32827.0,0
29868.0,33105.0,0
30225.0,33335.0,0
30422.0,33531.0,0
30755.0,33783.0,0
31106.0,34021.0,0
31575.0,34432.0,0
31812.0,34716.0,0
32340.0,35094.0,0
32833.0,35567.0,0
33364.0,35991.0,0
34298.0,37048.0,0
35547.0,37971.0,0
37587.0,39450.0,0
40381.0,41416.0,0
42949.0,43578.0,0
45415.0,45802.0,0
47893.0,48043.0,0
49630.0,49862.0,0
50701.0,51085.0,0
51308.0,51832.0,0
51444.0,52130.0,0
51304.0,52071.0,0
51094.0,51804.0,0
51056.0,51703.0,0
51149.0,51768.0,0
51339.0,51944.0,0
51411.0,52074.0,0
51453.0,52129.0,0
51463.0,52115.0,0
51774.0,52285.0,0
52228.0,52768.0,0
52665.0,53174.0,0
53287.0,53715.0,0
53812.0,54417.0,0
54019.0,54704.0,0
53961.0,54724.0,0
53670.0,54494.0,0
53565.0,54254.0,0
53589.0,54242.0,0
53741.0,54362.0,0
53838.0,54509.0,0
53825.0,54538.0,0
53751.0,54484.0,0
53702.0,54440.0,0
53727.0,54424.0,0
53773.0,54466.0,0
53774.0,54525.0,0
53800.0,54519.0,0
53800.0,54513.0,0
49152.0,52553.0,0
41171.0,49152.0,0
33411.0,40960.0,0
27665.0,33590.0,0
24595.0,30371.0,0
20422.0,27619.0,0
16384.0,24576.0,0
13717.0,19466.0,0
13682.0,18786.0,0
15892.0,20165.0,0
22038.0,24400.0,0
25472.0,30595.0,0
26132.0,29813.0,0
30509.0,33759.0,0
32822.0,34976.0,0
35660.0,37617.0,0
38679.0,41824.0,0
44016.0,45559.0,0
45604.0,47352.0,0
46438.0,48247.0,0
45828.0,48020.0,0
45098.0,47267.0,0
44694.0,46887.0,0
44273.0,46472.0,0
44266.0,46351.0,0
44463.0,46467.0,0
44833.0,46804.0,0
44964.0,46993.0,0
44960.0,47029.0,0
44797.0,46899.0,0
44735.0,46803.0,0
44768.0,46805.0,0
44890.0,46899.0,0
44975.0,47005.0,0
45011.0,47047.0,0
43108.0,46115.0,0
40960.0,41163.0,0
34062.0,36921.0,0
32768.0,35327.0,0
28958.0,33512.0,0
26850.0,31399.0,0
25116.0,29928.0,0
23383.0,28863.0,0
22692.0,26985.0,0
25808.0,27007.0,0
26763.0,28651.0,0
26362.0,28075.0,0
27948.0,29307.0,0
28412.0,30085.0,0
29756.0,31189.0,0
30834.0,32719.0,0
32452.0,34098.0,0
33964.0,35886.0,0
35855.0,37931.0,0
38528.0,40253.0,0
39843.0,41764.0,0
40271.0,42411.0,0
40000.0,42326.0,0
39467.0,41839.0,0
39330.0,41509.0,0
39276.0,41424.0,0
39524.0,41557.0,0
39724.0,41780.0,0
39872.0,41941.0,0
39837.0,41966.0,0
39809.0,41918.0,0
39758.0,41895.0,0
39813.0,41883.0,0
39875.0,41945.0,0
39936.0,41993.0,0
39989.0,42085.0,0
39985.0,42074.0,0
39993.0,42086.0,0
40018.0,42093.0,0
40024.0,42101.0,0
40042.0,42129.0,0
40085.0,42159.0,0
40115.0,42188.0,0
40135.0,42206.0,0
40141.0,42215.0,0
40145.0,42210.0,0
40175.0,42225.0,0
40172.0,42239.0,0
40207.0,42263.0,0
40210.0,42314.0,0
40229.0,42291.0,0
40246.0,42310.0,0
40253.0,42314.0,0
40261.0,42340.0,0
40267.0,42335.0,0
40289.0,42364.0,0
40294.0,42350.0,0
40320.0,42371.0,0
40333.0,42405.0,0
40337.0,42391.0,0
40361.0,42422.0,0
40353.0,42409.0,0
40367.0,42424.0,0
40377.0,42428.0,0
40382.0,42437.0,0
40390.0,42442.0,0
40408.0,42454.0,0
40397.0,42459.0,0
40419.0,42478.0,0
40427.0,42486.0,0
40430.0,42486.0,0
40441.0,42484.0,0
40444.0,42494.0,0
40448.0,42507.0,0
40471.0,42512.0,0
40466.0,42510.0,0
40482.0,42529.0,0
40488.0,42529.0,0
40491.0,42527.0,0
40493.0,42552.0,0
40503.0,42544.0,0
40512.0,42548.0,0
40504.0,42560.0,0
40506.0,42559.0,0
40520.0,42568.0,0
40512.0,42561.0,0
40521.0,42577.0,0
40521.0,42576.0,0
40537.0,42583.0,0
40547.0,42584.0,0
40545.0,42588.0,0
40548.0,42618.0,0
40549.0,42621.0,0
40542.0,42612.0,0
40562.0,42624.0,0
40559.0,42637.0,0
40563.0,42631.0,0
40579.0,42632.0,0
40575.0,42639.0,0
40572.0,42639.0,0
40567.0,42622.0,0
40573.0,42644.0,0
40581.0,42645.0,0
40603.0,42656.0,0
40604.0,42670.0,0
40603.0,42671.0,0
40616.0,42662.0,0
40626.0,42675.0,0
40617.0,42674.0,0
40628.0,42684.0,0
40638.0,42684.0,0
40625.0,42690.0,0
40639.0,42678.0,0
40634.0,42697.0,0
40635.0,42703.0,0
40643.0,42687.0,0
40647.0,42698.0,0
40651.0,42690.0,0
40647.0,42707.0,0
40651.0,42714.0,0
40667.0,42704.0,0
40671.0,42708.0,0
40683.0,42729.0,0
40658.0,42719.0,0
40687.0,42737.0,0
40676.0,42723.0,0
40696.0,42727.0,0
40701.0,42721.0,0
40708.0,42741.0,0
40701.0,42730.0,0
40710.0,42739.0,0
40717.0,42751.0,0
40698.0,42749.0,0
40704.0,42762.0,0
40712.0,42747.0,0
40715.0,42741.0,0
40726.0,42761.0,0
40716.0,42762.0,0
40723.0,42753.0,0
40715.0,42748.0,0
40710.0,42755.0,0
40720.0,42770.0,0
40732.0,42763.0,0
40724.0,42781.0,0
40733.0,42786.0,0
40718.0,42797.0,0
40725.0,42782.0,0
40725.0,42782.0,0
40721.0,42772.0,0
40751.0,42793.0,0
40736.0,42793.0,0
40754.0,42770.0,0
40749.0,42793.0,0
40747.0,42784.0,0
40760.0,42792.0,0
40745.0,42797.0,0
40747.0,42784.0,0
40748.0,42807.0,0
40759.0,42803.0,0
40751.0,42804.0,0
40754.0,42807.0,0
40755.0,42806.0,0
40750.0,42792.0,0
40760.0,42800.0,0
40767.0,42817.0,0
40775.0,42807.0,0
40763.0,42817.0,0
40779.0,42823.0,0
40772.0,42799.0,0
40779.0,42806.0,0
40765.0,42832.0,0
40774.0,42831.0,0
40761.0,42833.0,0
40779.0,42830.0,0
40800.0,42827.0,0
40784.0,42824.0,0
40776.0,42822.0,0
40771.0,42845.0,0
40766.0,42803.0,0
40783.0,42827.0,0
40786.0,42824.0,0
40796.0,42839.0,0
40788.0,42832.0,0
40788.0,42843.0,0
40789.0,42834.0,0
40783.0,42842.0,0
40794.0,42836.0,0
40807.0,42847.0,0
40793.0,42839.0,0
40794.0,42849.0,0
40803.0,42852.0,0
40815.0,42852.0,0
40787.0,42848.0,0
40798.0,42845.0,0
40808.0,42849.0,0
40807.0,42851.0,0
40803.0,42858.0,0
40798.0,42860.0,0
40817.0,42859.0,0
40813.0,42866.0,0
40812.0,42863.0,0
40826.0,42875.0,0
40832.0,42862.0,0
40817.0,42866.0,0
40813.0,42884.0,0
40825.0,42868.0,0
40824.0,42844.0,0
40820.0,42875.0,0
40816.0,42873.0,0
40824.0,42887.0,0
40829.0,42884.0,0
40806.0,42869.0,0
40825.0,42878.0,0
40829.0,42877.0,0
40818.0,42881.0,0
40842.0,42881.0,0
40835.0,42890.0,0
40830.0,42874.0,0
40836.0,42882.0,0
40832.0,42887.0,0
40829.0,42885.0,0
40834.0,42890.0,0
40837.0,42892.0,0
40843.0,42888.0,0
40838.0,42895.0,0
40843.0,42884.0,0
40840.0,42876.0,0
40837.0,42876.0,0
40852.0,42877.0,0
40851.0,42881.0,0
40843.0,42886.0,0
40847.0,42891.0,0
40838.0,42892.0,0
40830.0,42882.0,0
40842.0,42889.0,0
40838.0,42901.0,0
40842.0,42884.0,0
40853.0,42902.0,0
40849.0,42890.0,0
40835.0,42892.0,0
40857.0,42883.0,0
40851.0,42895.0,0
40851.0,42877.0,0
40840.0,42901.0,0
40842.0,42899.0,0
40849.0,42893.0,0
40849.0,42887.0,0
40855.0,42893.0,0
40848.0,42895.0,0
40857.0,42921.0,0
40866.0,42899.0,0
40846.0,42898.0,0
40860.0,42912.0,0
40865.0,42904.0,0
40860.0,42910.0,0
40842.0,42910.0,0
40863.0,42903.0,0
40857.0,42886.0,0
40856.0,42913.0,0
40850.0,42919.0,0
40864.0,42926.0,0
40857.0,42909.0,0
40872.0,42899.0,0
40856.0,42908.0,0
40856.0,42904.0,0
40869.0,42898.0,0
40864.0,42905.0,0
40866.0,42903.0,0
40872.0,42919.0,0
40876.0,42908.0,0
40861.0,42919.0,0
40877.0,42907.0,0
40868.0,42928.0,0
40878.0,42910.0,0
40871.0,42920.0,0
40876.0,42921.0,0
40879.0,42933.0,0
40866.0,42917.0,0
40870.0,42908.0,0
40881.0,42922.0,0
40883.0,42921.0,0
40878.0,42911.0,0
40866.0,42911.0,0
40870.0,42921.0,0
40882.0,42914.0,0
40873.0,42909.0,0
40876.0,42928.0,0
40876.0,42906.0,0
40885.0,42928.0,0
40894.0,42913.0,0
40883.0,42918.0,0
40899.0,42917.0,0
40903.0,42927.0,0
40887.0,42931.0,0
40888.0,42947.0,0
40902.0,42926.0,0
40884.0,42924.0,0
40888.0,42913.0,0
40887.0,42933.0,0
40896.0,42935.0,0
40903.0,42940.0,0
40886.0,42927.0,0
40892.0,42935.0,0
40887.0,42926.0,0
40889.0,42920.0,0
40891.0,42932.0,0
40898.0,42933.0,0
40882.0,42935.0,0
40897.0,42939.0,0
40888.0,42933.0,0
40905.0,42936.0,0
40898.0,42936.0,0
40905.0,42929.0,0
40902.0,42942.0,0
40889.0,42931.0,0
40903.0,42937.0,0
40884.0,42943.0,0
40892.0,42948.0,0
40904.0,42942.0,0
40892.0,42939.0,0
40888.0,42943.0,0
40906.0,42947.0,0
40917.0,42964.0,0
40911.0,42941.0,0
40904.0,42956.0,0
40909.0,42965.0,0
40914.0,42956.0,0
40916.0,42955.0,0
40910.0,42948.0,0
40903.0,42952.0,0
40914.0,42948.0,0
40912.0,42944.0,0
40907.0,42929.0,0
40913.0,42947.0,0
40917.0,42943.0,0
40917.0,42949.0,0
40900.0,42954.0,0
40905.0,42942.0,0
40909.0,42961.0,0
40907.0,42951.0,0
40892.0,42959.0,0
40920.0,42954.0,0
40897.0,42967.0,0
40908.0,42959.0,0
40915.0,42957.0,0
40910.0,42959.0,0
40913.0,42943.0,0
40925.0,42951.0,0
40926.0,42952.0,0
40934.0,42939.0,0
40931.0,42962.0,0
40919.0,42962.0,0
40917.0,42957.0,0
40913.0,42950.0,0
40919.0,42957.0,0
40911.0,42950.0,0
40908.0,42943.0,0
40913.0,42947.0,0
40914.0,42966.0,0
40930.0,42973.0,0
40925.0,42957.0,0
40924.0,42961.0,0
40923.0,42963.0,0
40935.0,42964.0,0
40917.0,42983.0,0
40920.0,42978.0,0
40909.0,42962.0,0
40927.0,42936.0,0
40912.0,42971.0,0
40934.0,42964.0,0
40935.0,42962.0,0
40935.0,42964.0,0
40919.0,42970.0,0
40926.0,42973.0,0
40923.0,42958.0,0
40933.0,42970.0,0
40924.0,42971.0,0
40915.0,42945.0,0
40925.0,42962.0,0
40939.0,42951.0,0
40934.0,42961.0,0
40937.0,42961.0,0
40929.0,42966.0,0
40936.0,42968.0,0
40937.0,42963.0,0
40940.0,42963.0,0
40944.0,42959.0,0
40945.0,42964.0,0
40957.0,42978.0,0
40927.0,42980.0,0
40938.0,42982.0,0
40939.0,42964.0,0
40935.0,42975.0,0
40951.0,42989.0,0
40923.0,42953.0,0
40914.0,42966.0,0
40933.0,42972.0,0
40935.0,42971.0,0
40936.0,42963.0,0
40934.0,42983.0,0
40929.0,42963.0,0
40935.0,42972.0,0
40931.0,42961.0,0
40947.0,42972.0,0
40939.0,42964.0,0
40936.0,42986.0,0
40930.0,42976.0,0
40935.0,42977.0,0
40943.0,42964.0,0
40930.0,42963.0,0
40930.0,42975.0,0
40944.0,42986.0,0
40939.0,42979.0,0
40932.0,42979.0,0
40930.0,42974.0,0
40923.0,42958.0,0
40966.0,42979.0,0
40956.0,42976.0,0
40946.0,42968.0,0
40943.0,42962.0,0
40941.0,42977.0,0
40949.0,42984.0,0
40955.0,42988.0,0
40952.0,42975.0,0
40950.0,42981.0,0
40929.0,42977.0,0
40936.0,42976.0,0
40940.0,42993.0,0
40954.0,42995.0,0
40945.0,42982.0,0
40942.0,42978.0,0
40938.0,42975.0,0
40941.0,42971.0,0
40931.0,42975.0,0
40921.0,42972.0,0
40919.0,42973.0,0
40945.0,42984.0,0
40927.0,42982.0,0
40932.0,42978.0,0
40938.0,42981.0,0
40936.0,42989.0,0
40930.0,42981.0,0
40949.0,42975.0,0
40932.0,42983.0,0
40942.0,42986.0,0
40953.0,42981.0,0
40946.0,43003.0,0
40943.0,42984.0,0
40950.0,42988.0,0
40951.0,42988.0,0
40952.0,42993.0,0
40950.0,42990.0,0
40954.0,42989.0,0
40945.0,42997.0,0
40955.0,42986.0,0
40950.0,43001.0,0
40941.0,42977.0,0
40948.0,42999.0,0
40969.0,42994.0,0
40957.0,42993.0,0
40963.0,42988.0,0
40950.0,42990.0,0
40953.0,42978.0,0
40948.0,42983.0,0
40956.0,42984.0,0
40967.0,42996.0,0
40948.0,43004.0,0
40965.0,42994.0,0
40936.0,42978.0,0
40954.0,42989.0,0
40949.0,42984.0,0
40955.0,42999.0,0
40942.0,42984.0,0
40938.0,42994.0,0
40953.0,42979.0,0
40948.0,42956.0,0
40940.0,42981.0,0
40933.0,42982.0,0
40944.0,42988.0,0
40939.0,42969.0,0
40929.0,42974.0,0
40933.0,42987.0,0
40938.0,42984.0,0
40921.0,42990.0,0
40936.0,42973.0,0
40936.0,42980.0,0
40934.0,42973.0,0
40927.0,42987.0,0
40931.0,42978.0,0
40944.0,42971.0,0
40933.0,42962.0,0
40946.0,42977.0,0
40942.0,42977.0,0
40933.0,42997.0,0
40933.0,42981.0,0
40924.0,42993.0,0
40950.0,42981.0,0
40951.0,42978.0,0
40921.0,42981.0,0
40941.0,42978.0,0
40942.0,42993.0,0
40937.0,42995.0,0
40945.0,42983.0,0
40942.0,42985.0,0
40938.0,43002.0,0
40962.0,42993.0,0
40943.0,42986.0,0
40941.0,42976.0,0
40939.0,42980.0,0
40953.0,42976.0,0
40945.0,42978.0,0
40941.0,42993.0,0
40940.0,42980.0,0
40947.0,42989.0,0
40931.0,42996.0,0
40947.0,42978.0,0
40937.0,42973.0,0
40936.0,42984.0,0
40943.0,42985.0,0
40943.0,42986.0,0
40941.0,42990.0,0
40938.0,42973.0,0
40947.0,42983.0,0
40960.0,42990.0,0
40947.0,42989.0,0
40954.0,42971.0,0
40954.0,42992.0,0
40903.0,42955.0,0
40907.0,42917.0,0
41072.0,43056.0,0
41179.0,43196.0,0
41183.0,43234.0,0
40883.0,43058.0,0
40370.0,42680.0,0
40448.0,42642.0,0
41157.0,43237.0,0
41371.0,43493.0,0
41116.0,43444.0,0
40553.0,42952.0,0
40306.0,42689.0,0
40450.0,42685.0,0
40730.0,42939.0,0
40855.0,43072.0,0
40780.0,43085.0,0
40593.0,42925.0,0
40537.0,42842.0,0
40781.0,42943.0,0
41278.0,43325.0,0
40934.0,43081.0,0
41138.0,43098.0,0
41188.0,42985.0,0
40534.0,42041.0,0
40745.0,41069.0,0
41673.0,42582.0,0
42160.0,43340.0,0
41882.0,43108.0,0
42455.0,44429.0,0
43124.0,45002.0,0
44623.0,45945.0,0
50565.0,47363.0,0
50647.0,50548.0,0
54384.0,53884.0,0
56209.0,55472.0,0
62793.0,62009.0,0
65535.0,65535.0,0
65535.0,65535.0,0
65535.0,65535.0,0
65535.0,65535.0,0
65535.0,65535.0,0
63674.0,65535.0,0
57344.0,61939.0,0
49620.0,57344.0,0
43105.0,49152.0,0
40960.0,43291.0,0
34959.0,40960.0,0
32768.0,36269.0,0
29155.0,33615.0,0
26359.0,30284.0,0
24576.0,27053.0,0
19553.0,24576.0,0
16384.0,19605.0,0
13058.0,16384.0,0
10592.0,13015.0,0
8560.0,10591.0,0
6685.0,8505.0,0
5356.0,6684.0,0
4266.0,5308.0,0
3379.0,4144.0,0
2674.0,3243.0,0
2121.0,2533.0,0
1707.0,1999.0,0
1395.0,1587.0,0
1153.0,1272.0,0
972.0,1043.0,0
827.0,873.0,0
723.0,734.0,0
634.0,630.0,0
576.0,544.0,0
519.0,477.0,0
483.0,421.0,0
447.0,388.0,0
417.0,350.0,0
393.0,325.0,0
361.0,300.0,0
338.0,274.0,0
312.0,251.0,0
289.0,237.0,0
263.0,205.0,0
241.0,184.0,0
258.0,166.0,0
231.0,153.0,0
204.0,130.0,0
190.0,123.0,0
166.0,104.0,0
158.0,98.0,0
143.0,90.0,0
145.0,83.0,0
131.0,75.0,0
136.0,71.0,0
138.0,70.0,0
127.0,63.0,0
128.0,69.0,0
117.0,65.0,0
117.0,62.0,0
110.0,60.0,0
122.0,64.0,0
119.0,61.0,0
107.0,66.0,0
117.0,70.0,0
112.0,69.0,0
117.0,79.0,0
107.0,81.0,0
110.0,89.0,0
112.0,90.0,0
119.0,90.0,0
125.0,95.0,0
143.0,109.0,0
142.0,111.0,0
159.0,121.0,0
173.0,136.0,0
188.0,152.0,0
198.0,169.0,0
231.0,187.0,0
256.0,212.0,0
293.0,250.0,0
322.0,286.0,0
357.0,334.0,0
401.0,372.0,0
445.0,426.0,0
514.0,481.0,0
561.0,547.0,0
638.0,622.0,0
720.0,710.0,0
818.0,823.0,0
934.0,947.0,0
1048.0,1067.0,0
1176.0,1211.0,0
1316.0,1368.0,0
1467.0,1522.0,0
1929.0,1697.0,0
2143.0,1895.0,0
2394.0,2117.0,0
2694.0,2381.0,0
3051.0,2701.0,0
3462.0,3085.0,0
3954.0,3539.0,0
4562.0,4095.0,0
5298.0,4782.0,0
6188.0,5641.0,0
7128.0,6529.0,0
8116.0,7439.0,0
9050.0,8326.0,0
9632.0,8935.0,0
9893.0,9196.0,0
9976.0,9255.0,0
9984.0,9258.0,0
9965.0,9254.0,0
9894.0,9211.0,0
9769.0,9113.0,0
9629.0,8998.0,0
9497.0,8896.0,0
9434.0,8848.0,0
9481.0,8909.0,0
9621.0,9042.0,0
9914.0,9302.0,0
10448.0,9766.0,0
11239.0,10511.0,0
12353.0,11544.0,0
13988.0,13090.0,0
15872.0,14823.0,0
18222.0,17025.0,0
21074.0,19713.0,0
24461.0,22958.0,0
29116.0,27359.0,0
33828.0,30499.0,0
37033.0,35933.0,0
39937.0,38786.0,0
42490.0,41055.0,0
45796.0,43732.0,0
49843.0,46886.0,0
53967.0,50596.0,0
57671.0,53725.0,0
59192.0,55184.0,0
54028.0,51974.0,0
49152.0,49152.0,0
40960.0,40960.0,0
32768.0,32768.0,0
24576.0,24576.0,0
16384.0,16384.0,0
8192.0,8192.0,0
2473.0,2727.0,0
2443.0,2600.0,0
2479.0,2630.0,0
2515.0,2723.0,0
2572.0,2723.0,0
2736.0,2899.0,0
2988.0,3170.0,0
3393.0,3556.0,0
3965.0,4160.0,0
4527.0,4797.0,0
5052.0,5402.0,0
5680.0,6083.0,0
5202.0,5939.0,0
5181.0,5724.0,0
5145.0,5687.0,0
5119.0,5698.0,0
5092.0,5628.0,0
5110.0,5669.0,0
5101.0,5650.0,0
5093.0,5648.0,0
5104.0,5653.0,0
5091.0,5647.0,0
5100.0,5643.0,0
5096.0,5643.0,0
5084.0,5639.0,0
5090.0,5640.0,0
5084.0,5645.0,0
5082.0,5634.0,0
5080.0,5640.0,0
5076.0,5637.0,0
5077.0,5633.0,0
5081.0,5631.0,0
5078.0,5635.0,0
5077.0,5624.0,0
5082.0,5631.0,0
5081.0,5624.0,0
5075.0,5617.0,0
5079.0,5627.0,0
5071.0,5629.0,0
5075.0,5622.0,0
5070.0,5624.0,0
5083.0,5623.0,0
5070.0,5623.0,0
5067.0,5617.0,0
5076.0,5624.0,0
5072.0,5618.0,0
5062.0,5608.0,0
5061.0,5616.0,0
5794.0,5613.0,0
5796.0,5603.0,0
5796.0,5608.0,0
5792.0,5610.0,0
5792.0,5611.0,0
5787.0,5603.0,0
5785.0,5607.0,0
5785.0,5597.0,0
5787.0,5599.0,0
5781.0,5607.0,0
5775.0,5602.0,0
5777.0,5602.0,0
5781.0,5604.0,0
5773.0,5602.0,0
5777.0,5597.0,0
5774.0,5594.0,0
5779.0,5595.0,0
5774.0,5593.0,0
5771.0,5602.0,0
5772.0,5598.0,0
5771.0,5597.0,0
5770.0,5589.0,0
5768.0,5587.0,0
5764.0,5584.0,0
5768.0,5595.0,0
5771.0,5581.0,0
5770.0,5599.0,0
5763.0,5590.0,0
5761.0,5585.0,0
5766.0,5591.0,0
5756.0,5584.0,0
5764.0,5578.0,0
5759.0,5581.0,0
5764.0,5584.0,0
5756.0,5585.0,0
5756.0,5584.0,0
5761.0,5573.0,0
5757.0,5582.0,0
5759.0,5584.0,0
5753.0,5573.0,0
5758.0,5582.0,0
5754.0,5572.0,0
5755.0,5581.0,0
5755.0,5573.0,0
5758.0,5578.0,0
5762.0,5569.0,0
5751.0,5576.0,0
5758.0,5572.0,0
5752.0,5573.0,0
5752.0,5570.0,0
5751.0,5565.0,0
5751.0,5570.0,0
5758.0,5570.0,0
5751.0,5572.0,0
5747.0,5565.0,0
5744.0,5567.0,0
5746.0,5558.0,0
5751.0,5572.0,0
5743.0,5571.0,0
5737.0,5573.0,0
5753.0,5563.0,0
5748.0,5576.0,0
5749.0,5563.0,0
5748.0,5571.0,0
5751.0,5573.0,0
5729.0,5560.0,0
5745.0,5561.0,0
5740.0,5566.0,0
5732.0,5565.0,0
5743.0,5565.0,0
5742.0,5574.0,0
5740.0,5563.0,0
5741.0,5565.0,0
5743.0,5569.0,0
5735.0,5560.0,0
5739.0,5567.0,0
5740.0,5563.0,0
5743.0,5561.0,0
5740.0,5570.0,0
5728.0,5559.0,0
5736.0,5564.0,0
5737.0,5557.0,0
5736.0,5562.0,0
5735.0,5562.0,0
5735.0,5552.0,0
5735.0,5556.0,0
5738.0,5557.0,0
5735.0,5557.0,0
5736.0,5557.0,0
5737.0,5562.0,0
5732.0,5554.0,0
5733.0,5556.0,0
5729.0,5556.0,0
5729.0,5552.0,0
5734.0,5557.0,0
5732.0,5555.0,0
5734.0,5554.0,0
5723.0,5546.0,0
5732.0,5553.0,0
5734.0,5545.0,0
5730.0,5555.0,0
5729.0,5557.0,0
5720.0,5558.0,0
5727.0,5551.0,0
5722.0,5549.0,0
5727.0,5552.0,0
5737.0,5547.0,0
5734.0,5545.0,0
5723.0,5551.0,0
5725.0,5554.0,0
5726.0,5550.0,0
5722.0,5548.0,0
5721.0,5548.0,0
5720.0,5548.0,0
5716.0,5548.0,0
5716.0,5547.0,0
5726.0,5543.0,0
5718.0,5545.0,0
5727.0,5547.0,0
5722.0,5540.0,0
5720.0,5544.0,0
5714.0,5538.0,0
5708.0,5536.0,0
5701.0,5525.0,0
5703.0,5527.0,0
5707.0,5522.0,0
5706.0,5529.0,0
5694.0,5522.0,0
5701.0,5524.0,0
5702.0,5526.0,0
5705.0,5525.0,0
5702.0,5526.0,0
5698.0,5522.0,0
5701.0,5523.0,0
5696.0,5527.0,0
5693.0,5519.0,0
5701.0,5524.0,0
5691.0,5521.0,0
5694.0,5518.0,0
5699.0,5515.0,0
5695.0,5521.0,0
5697.0,5518.0,0
5691.0,5517.0,0
5694.0,5519.0,0
5697.0,5516.0,0
5698.0,5525.0,0
5696.0,5516.0,0
5697.0,5520.0,0
5689.0,5512.0,0
5689.0,5517.0,0
5689.0,5517.0,0
5694.0,5522.0,0
5697.0,5513.0,0
5693.0,5512.0,0
5691.0,5518.0,0
5685.0,5516.0,0
5687.0,5513.0,0
5692.0,5517.0,0
5689.0,5516.0,0
5695.0,5510.0,0
5685.0,5511.0,0
5689.0,5511.0,0
5678.0,5508.0,0
5687.0,5509.0,0
5689.0,5513.0,0
5687.0,5508.0,0
5687.0,5517.0,0
5693.0,5511.0,0
5684.0,5505.0,0
5689.0,5515.0,0
5688.0,5512.0,0
5683.0,5510.0,0
5686.0,5508.0,0
5693.0,5506.0,0
5682.0,5513.0,0
5677.0,5515.0,0
5682.0,5508.0,0
5688.0,5508.0,0
5695.0,5511.0,0
5688.0,5508.0,0
5680.0,5517.0,0
5680.0,5506.0,0
5680.0,5505.0,0
5688.0,5506.0,0
5684.0,5507.0,0
5686.0,5511.0,0
5683.0,5504.0,0
5682.0,5507.0,0
5690.0,5506.0,0
5684.0,5510.0,0
5683.0,5516.0,0
5681.0,5505.0,0
5685.0,5504.0,0
5677.0,5504.0,0
5680.0,5494.0,0
5672.0,5500.0,0
5683.0,5507.0,0
5682.0,5504.0,0
5676.0,5495.0,0
5682.0,5506.0,0
5670.0,5506.0,0
5688.0,5506.0,0
5677.0,5503.0,0
5681.0,5501.0,0
5673.0,5508.0,0
5676.0,5495.0,0
5679.0,5503.0,0
5679.0,5499.0,0
5678.0,5501.0,0
5686.0,5500.0,0
5677.0,5499.0,0
5676.0,5502.0,0
5681.0,5514.0,0
5677.0,5498.0,0
5684.0,5508.0,0
5679.0,5504.0,0
5673.0,5503.0,0
5679.0,5503.0,0
5678.0,5506.0,0
5675.0,5499.0,0
5676.0,5500.0,0
5681.0,5499.0,0
5676.0,5497.0,0
5679.0,5496.0,0
5675.0,5506.0,0
5678.0,5504.0,0
5672.0,5503.0,0
5672.0,5495.0,0
5680.0,5503.0,0
5680.0,5500.0,0
5680.0,5497.0,0
5681.0,5495.0,0
5678.0,5504.0,0
5674.0,5495.0,0
5674.0,5492.0,0
5676.0,5500.0,0
5670.0,5501.0,0
5676.0,5500.0,0
5673.0,5495.0,0
5669.0,5498.0,0
5669.0,5505.0,0
5675.0,5497.0,0
5669.0,5499.0,0
5667.0,5496.0,0
5668.0,5500.0,0
5673.0,5501.0,0
5670.0,5496.0,0
5669.0,5495.0,0
5672.0,5496.0,0
5675.0,5494.0,0
5675.0,5493.0,0
5670.0,5500.0,0
5666.0,5488.0,0
5667.0,5489.0,0
5667.0,5496.0,0
5670.0,5497.0,0
5665.0,5500.0,0
5676.0,5498.0,0
5672.0,5499.0,0
5670.0,5493.0,0
5668.0,5493.0,0
5667.0,5499.0,0
5676.0,5491.0,0
5666.0,5494.0,0
5665.0,5485.0,0
5669.0,5490.0,0
5669.0,5494.0,0
5671.0,5496.0,0
5671.0,5489.0,0
5661.0,5495.0,0
5671.0,5489.0,0
5668.0,5491.0,0
5670.0,5490.0,0
5665.0,5489.0,0
5665.0,5491.0,0
5669.0,5488.0,0
5671.0,5496.0,0
5663.0,5489.0,0
5666.0,5486.0,0
5661.0,5490.0,0
5665.0,5492.0,0
5668.0,5493.0,0
5660.0,5496.0,0
5660.0,5481.0,0
5660.0,5486.0,0
5665.0,5484.0,0
5669.0,5487.0,0
5666.0,5488.0,0
5666.0,5495.0,0
5663.0,5490.0,0
5661.0,5488.0,0
5667.0,5487.0,0
5659.0,5493.0,0
5658.0,5483.0,0
5668.0,5495.0,0
5667.0,5486.0,0
5660.0,5482.0,0
5663.0,5483.0,0
5664.0,5490.0,0
5658.0,5490.0,0
5660.0,5484.0,0
5664.0,5487.0,0
5663.0,5492.0,0
5665.0,5484.0,0
5665.0,5484.0,0
5666.0,5488.0,0
5658.0,5488.0,0
5651.0,5496.0,0
5661.0,5481.0,0
5664.0,5493.0,0
5662.0,5484.0,0
5667.0,5481.0,0
5656.0,5486.0,0
5662.0,5490.0,0
5658.0,5485.0,0
5657.0,5492.0,0
5661.0,5490.0,0
5661.0,5489.0,0
5665.0,5486.0,0
5655.0,5482.0,0
5661.0,5490.0,0
5662.0,5485.0,0
5659.0,5483.0,0
5655.0,5481.0,0
5663.0,5481.0,0
5653.0,5482.0,0
5650.0,5485.0,0
5657.0,5489.0,0
5654.0,5487.0,0
5659.0,5483.0,0
5659.0,5488.0,0
5660.0,5485.0,0
5658.0,5483.0,0
5670.0,5482.0,0
5655.0,5479.0,0
5659.0,5487.0,0
5651.0,5484.0,0
5659.0,5480.0,0
5658.0,5487.0,0
5658.0,5487.0,0
5658.0,5482.0,0
5657.0,5480.0,0
5659.0,5486.0,0
5656.0,5482.0,0
5658.0,5485.0,0
5660.0,5488.0,0
5661.0,5478.0,0
5659.0,5484.0,0
5664.0,5487.0,0
5653.0,5477.0,0
5663.0,5482.0,0
5657.0,5481.0,0
5665.0,5482.0,0
5653.0,5482.0,0
5661.0,5485.0,0
5663.0,5482.0,0
5655.0,5483.0,0
5656.0,5486.0,0
5657.0,5491.0,0
5655.0,5483.0,0
5656.0,5488.0,0
5665.0,5486.0,0
5654.0,5479.0,0
5658.0,5491.0,0
5657.0,5483.0,0
5653.0,5491.0,0
5655.0,5479.0,0
5661.0,5482.0,0
5657.0,5480.0,0
5655.0,5479.0,0
5662.0,5483.0,0
5654.0,5490.0,0
5658.0,5482.0,0
5659.0,5484.0,0
5659.0,5475.0,0
5654.0,5483.0,0
5659.0,5481.0,0
5663.0,5485.0,0
5654.0,5476.0,0
5665.0,5482.0,0
5659.0,5475.0,0
5657.0,5481.0,0
5650.0,5482.0,0
5657.0,5483.0,0
5655.0,5485.0,0
5647.0,5485.0,0
5643.0,5479.0,0
5652.0,5484.0,0
5653.0,5481.0,0
5651.0,5478.0,0
5659.0,5486.0,0
5654.0,5482.0,0
5651.0,5488.0,0
5651.0,5477.0,0
5661.0,5482.0,0
5658.0,5474.0,0
5659.0,5477.0,0
5658.0,5474.0,0
5651.0,5482.0,0
5651.0,5476.0,0
5655.0,5473.0,0
5652.0,5481.0,0
5657.0,5480.0,0
5644.0,5481.0,0
5647.0,5480.0,0
5651.0,5480.0,0
5649.0,5482.0,0
5652.0,5469.0,0
5652.0,5480.0,0
5652.0,5489.0,0
5651.0,5471.0,0
5655.0,5483.0,0
5648.0,5482.0,0
5656.0,5480.0,0
5653.0,5474.0,0
5650.0,5476.0,0
5649.0,5479.0,0
5647.0,5472.0,0
5645.0,5476.0,0
5651.0,5478.0,0
5654.0,5468.0,0
5665.0,5474.0,0
5651.0,5474.0,0
5653.0,5477.0,0
5645.0,5471.0,0
5653.0,5476.0,0
5649.0,5470.0,0
5648.0,5477.0,0
5653.0,5468.0,0
5651.0,5477.0,0
5651.0,5473.0,0
5656.0,5470.0,0
5643.0,5468.0,0
5651.0,5477.0,0
5638.0,5473.0,0
5643.0,5474.0,0
5658.0,5480.0,0
5648.0,5473.0,0
5652.0,5468.0,0
5654.0,5472.0,0
5655.0,5469.0,0
5651.0,5471.0,0
5655.0,5472.0,0
5645.0,5474.0,0
5639.0,5471.0,0
5649.0,5476.0,0
5646.0,5469.0,0
5648.0,5470.0,0
5655.0,5465.0,0
5658.0,5477.0,0
5645.0,5474.0,0
5645.0,5469.0,0
5650.0,5476.0,0
5654.0,5468.0,0
5653.0,5472.0,0
5650.0,5470.0,0
5650.0,5471.0,0
5645.0,5476.0,0
5649.0,5469.0,0
5648.0,5469.0,0
5651.0,5480.0,0
5651.0,5463.0,0
5647.0,5473.0,0
5651.0,5465.0,0
5650.0,5469.0,0
5653.0,5471.0,0
5653.0,5475.0,0
5652.0,5466.0,0
5651.0,5468.0,0
5647.0,5467.0,0
5646.0,5477.0,0
5653.0,5475.0,0
5644.0,5468.0,0
5638.0,5476.0,0
5650.0,5470.0,0
5650.0,5479.0,0
5645.0,5476.0,0
5648.0,5478.0,0
5651.0,5473.0,0
5654.0,5474.0,0
5647.0,5470.0,0
5648.0,5474.0,0
5641.0,5476.0,0
5648.0,5480.0,0
5646.0,5473.0,0
5650.0,5469.0,0
5656.0,5474.0,0
5644.0,5477.0,0
5641.0,5472.0,0
5651.0,5470.0,0
5651.0,5474.0,0
5649.0,5466.0,0
5654.0,5471.0,0
5650.0,5470.0,0
5644.0,5474.0,0
5646.0,5473.0,0
5648.0,5470.0,0
5647.0,5470.0,0
5646.0,5471.0,0
5649.0,5465.0,0
5645.0,5470.0,0
5648.0,5476.0,0
5648.0,5467.0,0
5648.0,5474.0,0
5645.0,5467.0,0
5651.0,5469.0,0
5646.0,5472.0,0
5647.0,5470.0,0
5643.0,5470.0,0
5649.0,5465.0,0
5645.0,5478.0,0
5652.0,5473.0,0
5645.0,5471.0,0
5648.0,5473.0,0
5653.0,5473.0,0
5641.0,5473.0,0
5651.0,5471.0,0
5649.0,5472.0,0
5655.0,5467.0,0
5646.0,5472.0,0
5649.0,5475.0,0
5647.0,5476.0,0
5646.0,5470.0,0
5644.0,5470.0,0
5649.0,5470.0,0
5656.0,5468.0,0
5652.0,5467.0,0
5647.0,5469.0,0
5648.0,5468.0,0
5644.0,5464.0,0
5644.0,5463.0,0
5649.0,5468.0,0
5648.0,5465.0,0
5651.0,5474.0,0
5646.0,5473.0,0
5638.0,5475.0,0
5646.0,5469.0,0
5643.0,5469.0,0
5647.0,5470.0,0
5648.0,5469.0,0
5648.0,5461.0,0
5646.0,5466.0,0
5640.0,5468.0,0
5643.0,5478.0,0
5661.0,5472.0,0
5642.0,5475.0,0
5646.0,5461.0,0
5646.0,5466.0,0
5647.0,5466.0,0
5651.0,5465.0,0
5647.0,5470.0,0
5641.0,5470.0,0
5642.0,5465.0,0
5649.0,5469.0,0
5653.0,5467.0,0
5647.0,5466.0,0
5641.0,5476.0,0
5642.0,5468.0,0
5639.0,5466.0,0
5640.0,5468.0,0
5642.0,5467.0,0
5641.0,5466.0,0
5643.0,5469.0,0
5645.0,5467.0,0
5650.0,5474.0,0
5641.0,5469.0,0
5643.0,5466.0,0
5642.0,5469.0,0
5645.0,5459.0,0
5637.0,5464.0,0
5646.0,5468.0,0
5652.0,5472.0,0
5644.0,5466.0,0
5643.0,5469.0,0
5649.0,5462.0,0
5637.0,5465.0,0
5640.0,5462.0,0
5646.0,5469.0,0
5648.0,5467.0,0
5639.0,5470.0,0
5644.0,5471.0,0
5641.0,5470.0,0
5642.0,5469.0,0
5644.0,5467.0,0
5645.0,5470.0,0
5643.0,5465.0,0
5639.0,5466.0,0
5648.0,5477.0,0
5646.0,5474.0,0
5640.0,5465.0,0
5638.0,5461.0,0
5642.0,5465.0,0
5649.0,5471.0,0
5640.0,5466.0,0
5634.0,5467.0,0
5643.0,5471.0,0
5649.0,5464.0,0
5643.0,5465.0,0
5648.0,5464.0,0
5635.0,5460.0,0
5644.0,5469.0,0
5642.0,5465.0,0
5644.0,5475.0,0
5645.0,5469.0,0
5650.0,5468.0,0
5639.0,5470.0,0
5647.0,5469.0,0
5647.0,5466.0,0
5648.0,5469.0,0
5635.0,5474.0,0
5640.0,5468.0,0
5650.0,5470.0,0
5641.0,5471.0,0
5642.0,5467.0,0
5648.0,5470.0,0
5637.0,5476.0,0
5644.0,5460.0,0
5642.0,5466.0,0
5645.0,5474.0,0
5641.0,5465.0,0
5645.0,5461.0,0
5643.0,5467.0,0
5647.0,5467.0,0
5646.0,5467.0,0
5643.0,5469.0,0
5640.0,5470.0,0
5649.0,5464.0,0
5642.0,5465.0,0
5642.0,5463.0,0
5645.0,5471.0,0
5641.0,5461.0,0
5644.0,5475.0,0
5637.0,5467.0,0
5640.0,5472.0,0
5649.0,5466.0,0
5648.0,5472.0,0
5640.0,5476.0,0
5650.0,5465.0,0
5642.0,5464.0,0
5642.0,5468.0,0
5638.0,5467.0,0
5637.0,5461.0,0
5643.0,5456.0,0
5645.0,5471.0,0
5639.0,5466.0,0
5636.0,5464.0,0
5644.0,5464.0,0
5642.0,5462.0,0
5642.0,5460.0,0
5638.0,5461.0,0
5641.0,5466.0,0
5649.0,5460.0,0
5638.0,5459.0,0
5637.0,5457.0,0
5638.0,5468.0,0
5635.0,5468.0,0
5641.0,5461.0,0
5641.0,5467.0,0
5650.0,5468.0,0
5641.0,5458.0,0
5636.0,5459.0,0
5644.0,5463.0,0
5650.0,5461.0,0
5634.0,5468.0,0
5645.0,5464.0,0
5633.0,5465.0,0
5639.0,5469.0,0
5640.0,5468.0,0
5641.0,5468.0,0
5645.0,5467.0,0
5637.0,5470.0,0
5632.0,5456.0,0
5642.0,5466.0,0
5642.0,5469.0,0
5637.0,5466.0,0
5636.0,5464.0,0
5639.0,5469.0,0
5639.0,5462.0,0
5636.0,5456.0,0
5638.0,5467.0,0
5636.0,5470.0,0
5636.0,5470.0,0
5634.0,5443.0,0
5640.0,5469.0,0
5649.0,5463.0,0
5637.0,5463.0,0
5642.0,5463.0,0
5636.0,5459.0,0
5553.0,5432.0,0
5480.0,5289.0,0
5628.0,5362.0,0
5946.0,5636.0,0
6187.0,5970.0,0
6512.0,6044.0,0
6697.0,6491.0,0
6278.0,6096.0,0
6450.0,6227.0,0
6539.0,6264.0,0
6633.0,6441.0,0
6793.0,6490.0,0
6893.0,6791.0,0
6388.0,6213.0,0
7229.0,6424.0,0
13785.0,9647.0,0
22250.0,14094.0,0
30482.0,22302.0,0
38630.0,30422.0,0
46885.0,38700.0,0
54987.0,46892.0,0
55540.0,44609.0,0
49923.0,40960.0,0
44805.0,36156.0,0
40960.0,32768.0,0
32768.0,25983.0,0
24576.0,24576.0,0
17426.0,16384.0,0
16384.0,10552.0,0
9217.0,8192.0,0
8192.0,5233.0,0
4836.0,3763.0,0
3559.0,2746.0,0
2624.0,2025.0,0
1935.0,1512.0,0
1459.0,1132.0,0
1114.0,862.0,0
891.0,650.0,0
715.0,500.0,0
604.0,393.0,0
502.0,313.0,0
425.0,248.0,0
380.0,204.0,0
336.0,171.0,0
306.0,149.0,0
282.0,121.0,0
263.0,105.0,0
253.0,96.0,0
235.0,86.0,0
224.0,78.0,0
221.0,67.0,0
215.0,70.0,0
213.0,70.0,0
220.0,68.0,0
220.0,70.0,0
230.0,87.0,0
243.0,96.0,0
268.0,121.0,0
291.0,142.0,0
310.0,170.0,0
355.0,208.0,0
409.0,252.0,0
462.0,310.0,0
571.0,375.0,0
713.0,461.0,0
918.0,589.0,0
1206.0,748.0,0
1580.0,962.0,0
2078.0,1242.0,0
2732.0,1601.0,0
3598.0,2053.0,0
4725.0,2619.0,0
6132.0,3304.0,0
7814.0,4110.0,0
9687.0,5058.0,0
11764.0,6161.0,0
14220.0,7410.0,0
16619.0,8732.0,0
19046.0,10067.0,0
21493.0,11371.0,0
23835.0,12849.0,0
25981.0,13935.0,0
27127.0,14351.0,0
26674.0,13854.0,0
24927.0,12773.0,0
22681.0,11442.0,0
20365.0,10098.0,0
18112.0,8834.0,0
16384.0,7534.0,0
14173.0,6558.0,0
12492.0,5722.0,0
11112.0,5038.0,0
10038.0,4505.0,0
9328.0,4142.0,0
8996.0,3949.0,0
8805.0,3941.0,0
9121.0,4104.0,0
9728.0,4429.0,0
10601.0,4911.0,0
11708.0,5509.0,0
13275.0,6218.0,0
14882.0,7021.0,0
16725.0,7909.0,0
18822.0,8843.0,0
21025.0,9807.0,0
22913.0,10750.0,0
24399.0,11560.0,0
25214.0,12281.0,0
25420.0,12464.0,0
25132.0,12384.0,0
24708.0,12214.0,0
24377.0,12224.0,0
24115.0,12442.0,0
23769.0,12750.0,0
23275.0,12908.0,0
22887.0,13039.0,0
22884.0,13268.0,0
23500.0,13717.0,0
24812.0,14559.0,0
27022.0,15852.0,0
30305.0,17706.0,0
34874.0,20255.0,0
38676.0,23000.0,0
44678.0,25275.0,0
48143.0,26775.0,0
50212.0,27747.0,0
50876.0,28318.0,0
50335.0,28108.0,0
49108.0,27608.0,0
47234.0,26904.0,0
45046.0,26098.0,0
42961.0,25397.0,0
40960.0,24554.0,0
38992.0,23832.0,0
37854.0,23247.0,0
37643.0,22948.0,0
38817.0,23425.0,0
41456.0,24738.0,0
46283.0,27233.0,0
54180.0,30583.0,0
63187.0,37607.0,0
65535.0,45156.0,0
65535.0,50476.0,0
65535.0,48702.0,0
65535.0,45651.0,0
65535.0,43643.0,0
65223.0,43208.0,0
65535.0,43501.0,0
65535.0,43854.0,0
65535.0,44697.0,0
65535.0,47253.0,0
65535.0,49310.0,0
65535.0,50503.0,0
65535.0,49894.0,0
64167.0,48551.0,0
62806.0,47533.0,0
62325.0,46936.0,0
63109.0,47153.0,0
65535.0,48473.0,0
65535.0,50322.0,0
65535.0,51285.0,0
65535.0,51755.0,0
65535.0,50586.0,0
63798.0,48716.0,0
61391.0,47247.0,0
59079.0,45616.0,0
60676.0,45746.0,0
64659.0,47205.0,0
65535.0,49177.0,0
65535.0,50635.0,0
65535.0,50390.0,0
65535.0,49177.0,0
65535.0,47385.0,0
65535.0,46127.0,0
64848.0,45884.0,0
64996.0,46302.0,0
65535.0,47107.0,0
65535.0,48517.0,0
65535.0,50007.0,0
65535.0,51017.0,0
65535.0,51589.0,0
65535.0,51542.0,0
65535.0,50749.0,0
65535.0,50549.0,0
65535.0,50542.0,0
65535.0,50353.0,0
65535.0,50498.0,0
65535.0,50967.0,0
65535.0,51276.0,0
65535.0,51607.0,0
65535.0,51583.0,0
65535.0,51469.0,0
65535.0,51480.0,0
65535.0,51907.0,0
65535.0,51753.0,0
65535.0,51382.0,0
65535.0,50765.0,0
63757.0,49243.0,0
59317.0,47047.0,0
57344.0,44938.0,0
55169.0,44151.0,0
53458.0,43550.0,0
52018.0,42145.0,0
50996.0,41174.0,0
50602.0,40985.0,0
51073.0,41120.0,0
50061.0,40842.0,0
48898.0,40239.0,0
50806.0,40443.0,0
55079.0,42520.0,0
59713.0,45133.0,0
61955.0,47102.0,0
64078.0,48284.0,0
65228.0,49010.0,0
65535.0,49339.0,0
65535.0,49606.0,0
65535.0,49772.0,0
65535.0,49832.0,0
65535.0,49858.0,0
65535.0,49962.0,0
65535.0,50072.0,0
65535.0,50233.0,0
65535.0,49777.0,0
65535.0,50146.0,0
65535.0,50263.0,0
65535.0,50457.0,0
65535.0,50748.0,0
65535.0,50509.0,0
65535.0,49494.0,0
65535.0,48694.0,0
65535.0,47578.0,0
65535.0,46825.0,0
65535.0,46719.0,0
65535.0,46987.0,0
65535.0,47351.0,0
65535.0,47598.0,0
65535.0,47793.0,0
65535.0,48235.0,0
65535.0,49055.0,0
65535.0,49820.0,0
65535.0,50283.0,0
65535.0,50310.0,0
65535.0,48764.0,0
65535.0,48654.0,0
65535.0,47757.0,0
65535.0,46867.0,0
65535.0,45549.0,0
65535.0,44071.0,0
64653.0,43101.0,0
64284.0,42865.0,0
65535.0,44177.0,0
65535.0,46789.0,0
65535.0,49812.0,0
65535.0,51931.0,0
57344.0,52003.0,0
49152.0,48398.0,0
40960.0,44475.0,0
37459.0,41450.0,0
37117.0,39972.0,0
38663.0,40198.0,0
38165.0,40870.0,0
38709.0,40901.0,0
38205.0,40815.0,0
38679.0,41165.0,0
37905.0,41180.0,0
38098.0,41369.0,0
38129.0,41449.0,0
38170.0,41002.0,0
38679.0,41357.0,0
37092.0,40724.0,0
33285.0,38268.0,0
29087.0,35526.0,0
24576.0,32768.0,0
21203.0,28403.0,0
20747.0,27433.0,0
21136.0,27457.0,0
22614.0,28185.0,0
25819.0,30173.0,0
30106.0,33075.0,0
33697.0,35421.0,0
34355.0,37148.0,0
35644.0,37927.0,0
35321.0,38402.0,0
35238.0,38468.0,0
35360.0,38349.0,0
35511.0,38459.0,0
35350.0,38451.0,0
34168.0,38165.0,0
31728.0,36938.0,0
29048.0,35250.0,0
26775.0,32990.0,0
24576.0,30804.0,0
21123.0,28171.0,0
19794.0,26503.0,0
19785.0,26085.0,0
20115.0,26183.0,0
21388.0,26722.0,0
23989.0,28125.0,0
27350.0,30225.0,0
29999.0,32416.0,0
31925.0,34127.0,0
32543.0,35322.0,0
33575.0,36031.0,0
33394.0,36717.0,0
33769.0,37225.0,0
33896.0,37203.0,0
34142.0,37403.0,0
33682.0,37676.0,0
32732.0,37332.0,0
33839.0,37474.0,0
35323.0,38812.0,0
35962.0,39475.0,0
34770.0,38921.0,0
32768.0,36527.0,0
26344.0,32768.0,0
24576.0,29715.0,0
24703.0,29501.0,0
27523.0,31142.0,0
30419.0,33940.0,0
33342.0,36051.0,0
33381.0,36370.0,0
34264.0,37293.0,0
34318.0,37805.0,0
34705.0,38049.0,0
34005.0,37612.0,0
33448.0,37160.0,0
33694.0,37136.0,0
33362.0,36902.0,0
32292.0,36250.0,0
29555.0,34678.0,0
26045.0,32768.0,0
24576.0,30247.0,0
22543.0,28883.0,0
21614.0,27807.0,0
20286.0,26745.0,0
19910.0,26595.0,0
20038.0,26952.0,0
20416.0,27169.0,0
22359.0,28296.0,0
26137.0,30823.0,0
30486.0,33751.0,0
32975.0,35445.0,0
35960.0,37948.0,0
37189.0,39650.0,0
37131.0,39996.0,0
35510.0,38775.0,0
34848.0,37874.0,0
33833.0,36910.0,0
33200.0,35952.0,0
32181.0,35535.0,0
30945.0,34715.0,0
28269.0,33203.0,0
25175.0,30860.0,0
23483.0,29723.0,0
22805.0,28935.0,0
23123.0,29558.0,0
22394.0,28520.0,0
23891.0,29451.0,0
26230.0,31104.0,0
30368.0,33704.0,0
36501.0,37789.0,0
43135.0,42343.0,0
46814.0,45069.0,0
49861.0,45870.0,0
53421.0,48596.0,0
51474.0,48949.0,0
49934.0,47886.0,0
47574.0,47391.0,0
42530.0,44921.0,0
40960.0,42945.0,0
36454.0,40960.0,0
35701.0,40377.0,0
34910.0,38857.0,0
34806.0,39150.0,0
34615.0,38933.0,0
35534.0,39537.0,0
36248.0,39443.0,0
39393.0,40908.0,0
38945.0,40639.0,0
38047.0,39871.0,0
34344.0,38366.0,0
32768.0,36501.0,0
31352.0,36278.0,0
32581.0,36793.0,0
36087.0,38277.0,0
41347.0,40260.0,0
45401.0,42008.0,0
49251.0,42683.0,0
50806.0,42904.0,0
50752.0,41576.0,0
49802.0,41421.0,0
48319.0,40955.0,0
46252.0,40375.0,0
43070.0,39747.0,0
40960.0,39003.0,0
37591.0,38581.0,0
36364.0,38103.0,0
35218.0,37482.0,0
35881.0,37173.0,0
37356.0,37074.0,0
40232.0,36251.0,0
42355.0,37593.0,0
41799.0,37533.0,0
42098.0,37747.0,0
37891.0,37673.0,0
34699.0,36029.0,0
33651.0,36248.0,0
33142.0,36060.0,0
33653.0,36581.0,0
34724.0,37283.0,0
35398.0,37951.0,0
35253.0,38879.0,0
36705.0,39654.0,0
37468.0,40001.0,0
36467.0,39290.0,0
34768.0,39590.0,0
35577.0,40023.0,0
34919.0,39239.0,0
34537.0,39775.0,0
34185.0,39610.0,0
33285.0,38874.0,0
31476.0,37928.0,0
28665.0,36054.0,0
25823.0,33495.0,0
24576.0,31453.0,0
23026.0,29848.0,0
23214.0,30193.0,0
22338.0,29341.0,0
21271.0,29140.0,0
21249.0,28420.0,0
21732.0,28875.0,0
22907.0,29773.0,0
25671.0,31604.0,0
29640.0,34629.0,0
32820.0,37406.0,0
33331.0,39098.0,0
33842.0,39100.0,0
35313.0,40376.0,0
34548.0,39792.0,0
32267.0,38129.0,0
31873.0,37685.0,0
31766.0,37860.0,0
30116.0,37084.0,0
26882.0,35239.0,0
25235.0,32768.0,0
25403.0,32412.0,0
23852.0,31893.0,0
22384.0,30165.0,0
21372.0,28956.0,0
20291.0,28391.0,0
19794.0,27452.0,0
19874.0,27477.0,0
20258.0,27642.0,0
21267.0,28229.0,0
22863.0,28864.0,0
24967.0,30453.0,0
26953.0,32344.0,0
27961.0,33331.0,0
28762.0,34027.0,0
29149.0,34480.0,0
29392.0,34796.0,0
29345.0,34866.0,0
29180.0,34670.0,0
28837.0,34343.0,0
28281.0,33846.0,0
27373.0,33111.0,0
25575.0,31831.0,0
22972.0,30005.0,0
20955.0,28466.0,0
19491.0,27358.0,0
19120.0,26867.0,0
18544.0,26277.0,0
18597.0,26449.0,0
18690.0,26663.0,0
18835.0,26689.0,0
19594.0,26963.0,0
21090.0,27656.0,0
23302.0,28915.0,0
26243.0,31271.0,0
28443.0,33504.0,0
29827.0,34806.0,0
30391.0,35649.0,0
31047.0,36104.0,0
31863.0,37068.0,0
31917.0,37263.0,0
31533.0,36999.0,0
30452.0,36371.0,0
27384.0,34707.0,0
24576.0,32768.0,0
21178.0,28814.0,0
19410.0,27060.0,0
18536.0,26111.0,0
18802.0,26698.0,0
18918.0,26929.0,0
18832.0,26864.0,0
18868.0,26746.0,0
19432.0,26854.0,0
20642.0,26946.0,0
23318.0,28194.0,0
25593.0,30246.0,0
26317.0,31130.0,0
30539.0,31975.0,0
35477.0,33460.0,0
35114.0,33538.0,0
34620.0,32761.0,0
34228.0,32446.0,0
33398.0,31859.0,0
31613.0,30842.0,0
28501.0,29145.0,0
25643.0,27859.0,0
25078.0,27811.0,0
24057.0,26715.0,0
23543.0,26235.0,0
22029.0,25602.0,0
21512.0,25001.0,0
22002.0,25079.0,0
22204.0,25281.0,0
22154.0,25205.0,0
22568.0,25243.0,0
23965.0,25803.0,0
26756.0,26723.0,0
29019.0,28648.0,0
30862.0,30108.0,0
32967.0,31060.0,0
33504.0,31662.0,0
32963.0,31718.0,0
32072.0,31040.0,0
31774.0,31002.0,0
31303.0,30667.0,0
30362.0,30111.0,0
28024.0,28942.0,0
25816.0,27544.0,0
24576.0,26671.0,0
23594.0,25496.0,0
24247.0,25354.0,0
23957.0,25311.0,0
24356.0,25803.0,0
24439.0,26144.0,0
25252.0,26900.0,0
27187.0,27854.0,0
30566.0,30275.0,0
35555.0,33102.0,0
38598.0,35757.0,0
42044.0,37666.0,0
44745.0,39295.0,0
46761.0,41284.0,0
48084.0,41923.0,0
50116.0,43236.0,0
52078.0,44354.0,0
54118.0,45608.0,0
55919.0,46605.0,0
56886.0,47143.0,0
58633.0,47685.0,0
57919.0,47494.0,0
58169.0,47939.0,0
52818.0,46187.0,0
49152.0,41877.0,0
40960.0,35254.0,0
32768.0,32768.0,0
26279.0,27692.0,0
25394.0,26915.0,0
25570.0,27091.0,0
26683.0,27647.0,0
28273.0,28429.0,0
30064.0,29203.0,0
31872.0,30249.0,0
33341.0,31612.0,0
34180.0,32445.0,0
35503.0,33462.0,0
37762.0,34929.0,0
40595.0,36695.0,0
43421.0,38956.0,0
45877.0,40729.0,0
46847.0,41762.0,0
47984.0,42240.0,0
47518.0,42317.0,0
44301.0,40827.0,0
40960.0,38433.0,0
36689.0,36120.0,0
34448.0,34440.0,0
33614.0,33657.0,0
33867.0,33384.0,0
35669.0,34361.0,0
37983.0,35714.0,0
40653.0,37326.0,0
42115.0,38900.0,0
43022.0,39469.0,0
45106.0,40227.0,0
45987.0,40670.0,0
47504.0,41322.0,0
48845.0,42304.0,0
50428.0,43269.0,0
51550.0,44184.0,0
52045.0,44838.0,0
51293.0,44778.0,0
48384.0,43861.0,0
43957.0,41300.0,0
40960.0,38731.0,0
35200.0,36432.0,0
32768.0,33577.0,0
29859.0,31654.0,0
29767.0,31111.0,0
31243.0,31784.0,0
33660.0,33369.0,0
36693.0,35471.0,0
39906.0,37805.0,0
41151.0,39273.0,0
41447.0,39069.0,0
42567.0,39207.0,0
43369.0,39724.0,0
44893.0,40674.0,0
46350.0,41513.0,0
46588.0,42053.0,0
45854.0,41808.0,0
43254.0,40536.0,0
40960.0,38259.0,0
35543.0,35798.0,0
32768.0,33370.0,0
29525.0,30932.0,0
27999.0,29524.0,0
27351.0,28992.0,0
27310.0,28845.0,0
28325.0,29227.0,0
30565.0,30463.0,0
33793.0,32517.0,0
38033.0,35372.0,0
41598.0,38141.0,0
44422.0,40077.0,0
46871.0,41393.0,0
47324.0,42023.0,0
47072.0,41670.0,0
46306.0,41165.0,0
45087.0,40298.0,0
42651.0,39062.0,0
40960.0,37117.0,0
34811.0,34441.0,0
32768.0,32768.0,0
29094.0,30083.0,0
27220.0,28476.0,0
26407.0,27830.0,0
26649.0,27848.0,0
27363.0,27982.0,0
28822.0,28686.0,0
31908.0,30710.0,0
36702.0,33923.0,0
42662.0,37546.0,0
46813.0,41241.0,0
50558.0,42947.0,0
50990.0,42662.0,0
49169.0,41445.0,0
48211.0,40202.0,0
45173.0,38601.0,0
42795.0,37429.0,0
40960.0,36230.0,0
37967.0,34827.0,0
35447.0,33108.0,0
32768.0,30644.0,0
28742.0,28240.0,0
26247.0,26313.0,0
24610.0,25327.0,0
23900.0,24665.0,0
23783.0,24992.0,0
23862.0,25367.0,0
24723.0,25898.0,0
25850.0,26619.0,0
27602.0,27699.0,0
29749.0,29315.0,0
32577.0,31013.0,0
34837.0,32652.0,0
36241.0,33620.0,0
37115.0,33931.0,0
36873.0,33692.0,0
36291.0,33225.0,0
35657.0,32716.0,0
35003.0,32227.0,0
34238.0,31711.0,0
33274.0,31148.0,0
31626.0,30451.0,0
29903.0,29500.0,0
28136.0,28458.0,0
26633.0,27581.0,0
25230.0,26696.0,0
24316.0,26054.0,0
24017.0,25793.0,0
24104.0,25728.0,0
24592.0,25904.0,0
25589.0,26335.0,0
27461.0,27293.0,0
29767.0,28703.0,0
32318.0,30259.0,0
34458.0,31678.0,0
36477.0,33068.0,0
38610.0,34269.0,0
40183.0,35425.0,0
41380.0,36325.0,0
42885.0,37593.0,0
44187.0,38393.0,0
45772.0,39156.0,0
46700.0,40205.0,0
45825.0,40564.0,0
43912.0,39856.0,0
41377.0,38609.0,0
38537.0,36916.0,0
35718.0,34974.0,0
33615.0,33081.0,0
31488.0,31316.0,0
30996.0,30696.0,0
31617.0,30821.0,0
33247.0,31637.0,0
35365.0,32739.0,0
37168.0,33867.0,0
40455.0,35631.0,0
40666.0,35747.0,0
40289.0,35084.0,0
39201.0,34371.0,0
39442.0,34184.0,0
39257.0,34344.0,0
39124.0,34569.0,0
39274.0,34898.0,0
39407.0,35129.0,0
39439.0,35202.0,0
39353.0,35140.0,0
39174.0,34954.0,0
39143.0,34770.0,0
39151.0,34543.0,0
39190.0,34482.0,0
38985.0,34802.0,0
40157.0,36128.0,0
40718.0,37309.0,0
42582.0,38607.0,0
43744.0,39664.0,0
46877.0,40757.0,0
47137.0,40436.0,0
45681.0,39318.0,0
44121.0,38371.0,0
45857.0,38825.0,0
46644.0,40550.0,0
46942.0,41854.0,0
45939.0,43071.0,0
44100.0,42838.0,0
42339.0,41992.0,0
40960.0,41053.0,0
37314.0,39627.0,0
34460.0,38055.0,0
32768.0,36449.0,0
29510.0,35021.0,0
28115.0,33913.0,0
27236.0,33150.0,0
26886.0,32338.0,0
27121.0,32310.0,0
28081.0,32748.0,0
29899.0,33740.0,0
32694.0,35370.0,0
36542.0,37607.0,0
41480.0,40605.0,0
45963.0,43057.0,0
49529.0,44935.0,0
50997.0,44645.0,0
51205.0,44182.0,0
51586.0,44538.0,0
52064.0,44556.0,0
50796.0,43745.0,0
49399.0,42615.0,0
50001.0,42186.0,0
46660.0,40960.0,0
43981.0,38778.0,0
40960.0,36974.0,0
36783.0,34833.0,0
35087.0,33229.0,0
36246.0,32921.0,0
42117.0,35969.0,0
46838.0,41857.0,0
55014.0,46916.0,0
63223.0,50733.0,0
65535.0,48545.0,0
61734.0,44585.0,0
57344.0,40960.0,0
50786.0,37449.0,0
49152.0,35122.0,0
43174.0,33407.0,0
40975.0,31985.0,0
39843.0,31578.0,0
39853.0,31829.0,0
40551.0,32540.0,0
41770.0,33474.0,0
43691.0,34645.0,0
46251.0,36249.0,0
49701.0,38665.0,0
53601.0,41154.0,0
57517.0,43788.0,0
60423.0,46008.0,0
62216.0,47423.0,0
63008.0,47733.0,0
62414.0,47223.0,0
64718.0,47040.0,0
65535.0,48080.0,0
65535.0,48677.0,0
65535.0,48282.0,0
65486.0,46354.0,0
61792.0,43334.0,0
57978.0,40960.0,0
54604.0,37058.0,0
52551.0,35083.0,0
51812.0,34036.0,0
52569.0,34001.0,0
54719.0,35039.0,0
58048.0,37080.0,0
62193.0,40029.0,0
65535.0,43581.0,0
65535.0,46927.0,0
65535.0,49843.0,0
62987.0,48371.0,0
57344.0,43315.0,0
49152.0,40960.0,0
47498.0,39309.0,0
52500.0,42609.0,0
55968.0,46927.0,0
52871.0,48115.0,0
49152.0,44616.0,0
40960.0,40960.0,0
32768.0,32768.0,0
24576.0,26380.0,0
16384.0,24576.0,0
12671.0,18466.0,0
10571.0,16384.0,0
9288.0,14753.0,0
8725.0,14045.0,0
8530.0,14005.0,0
8948.0,14551.0,0
9909.0,15629.0,0
11497.0,17298.0,0
14098.0,19703.0,0
17042.0,22559.0,0
20278.0,25544.0,0
23726.0,28612.0,0
27372.0,31883.0,0
30501.0,34608.0,0
35004.0,37021.0,0
38303.0,39058.0,0
41805.0,40457.0,0
44237.0,41422.0,0
44649.0,40549.0,0
42653.0,37259.0,0
40960.0,33799.0,0
37337.0,32768.0,0
35333.0,27494.0,0
34180.0,25622.0,0
33875.0,24576.0,0
34661.0,23922.0,0
36961.0,24554.0,0
41458.0,26511.0,0
46899.0,30439.0,0
55024.0,37133.0,0
63254.0,46269.0,0
57344.0,46610.0,0
49152.0,40960.0,0
40960.0,32768.0,0
32768.0,30690.0,0
30670.0,30707.0,0
30634.0,30602.0,0
30860.0,30176.0,0
34325.0,31295.0,0
38656.0,38732.0,0
46912.0,46759.0,0
55097.0,41555.0,0
49152.0,32768.0,0
40960.0,24576.0,0
32768.0,17191.0,0
24576.0,13783.0,0
17380.0,11531.0,0
15537.0,10075.0,0
14446.0,9173.0,0
13955.0,8531.0,0
14023.0,8459.0,0
14610.0,8728.0,0
15747.0,9364.0,0
17549.0,10467.0,0
20300.0,12156.0,0
24289.0,14847.0,0
30136.0,18476.0,0
38505.0,22268.0,0
46911.0,30469.0,0
55031.0,38665.0,0
63283.0,46907.0,0
65535.0,50740.0,0
59164.0,47810.0,0
57344.0,44184.0,0
52157.0,43218.0,0
57867.0,46191.0,0
63149.0,50808.0,0
65535.0,53195.0,0
65535.0,52895.0,0
58999.0,49200.0,0
57344.0,43933.0,0
49152.0,40960.0,0
40960.0,33988.0,0
34758.0,32768.0,0
32768.0,27963.0,0
29629.0,26273.0,0
28638.0,25296.0,0
28499.0,24841.0,0
29142.0,25276.0,0
30830.0,26639.0,0
33636.0,29014.0,0
37330.0,32255.0,0
42425.0,35786.0,0
46865.0,38723.0,0
53044.0,44144.0,0
57692.0,47850.0,0
59555.0,49723.0,0
57654.0,49600.0,0
50092.0,46497.0,0
40960.0,41118.0,0
34876.0,35546.0,0
32768.0,32768.0,0
30184.0,30372.0,0
28340.0,27947.0,0
28421.0,27550.0,0
27466.0,27299.0,0
28152.0,26639.0,0
31581.0,30632.0,0
32023.0,31503.0,0
30095.0,30439.0,0
32365.0,31116.0,0
31814.0,31520.0,0
31883.0,31943.0,0
30428.0,31208.0,0
31886.0,31373.0,0
34333.0,32777.0,0
38669.0,34110.0,0
46844.0,36559.0,0
55002.0,36805.0,0
61776.0,34181.0,0
58020.0,32768.0,0
52985.0,25681.0,0
49152.0,24576.0,0
43503.0,19494.0,0
40960.0,17556.0,0
38481.0,16536.0,0
37831.0,16173.0,0
38436.0,16398.0,0
40568.0,17363.0,0
44685.0,19384.0,0
51365.0,22390.0,0
55086.0,28135.0,0
63266.0,35290.0,0
65535.0,38572.0,0
57344.0,43092.0,0
49152.0,38584.0,0
40960.0,36103.0,0
39117.0,36400.0,0
42634.0,37563.0,0
46800.0,39910.0,0
55046.0,43010.0,0
63223.0,44945.0,0
65535.0,46603.0,0
65535.0,46856.0,0
65535.0,46653.0,0
65535.0,46933.0,0
65535.0,47764.0,0
65535.0,49086.0,0
65535.0,50708.0,0
65535.0,51230.0,0
62056.0,49839.0,0
58372.0,48679.0,0
57344.0,47310.0,0
52400.0,45908.0,0
51926.0,45609.0,0
52190.0,45907.0,0
51226.0,45753.0,0
49228.0,44917.0,0
46665.0,43393.0,0
44144.0,41678.0,0
42141.0,40010.0,0
40960.0,38969.0,0
39857.0,38466.0,0
40159.0,38745.0,0
41249.0,39642.0,0
42828.0,40827.0,0
44539.0,41997.0,0
45918.0,42692.0,0
46535.0,42987.0,0
46867.0,43194.0,0
47378.0,43232.0,0
48128.0,43407.0,0
50806.0,44187.0,0
55058.0,47361.0,0
63251.0,50950.0,0
65535.0,49691.0,0
60771.0,44362.0,0
57344.0,40960.0,0
49152.0,32768.0,0
40960.0,26093.0,0
36411.0,24576.0,0
33877.0,20278.0,0
32768.0,18567.0,0
31424.0,17365.0,0
31616.0,16638.0,0
32545.0,16365.0,0
33913.0,16423.0,0
35530.0,16736.0,0
37313.0,17275.0,0
39694.0,18008.0,0
41797.0,18949.0,0
43847.0,19944.0,0
45822.0,20926.0,0
47836.0,21971.0,0
49455.0,22984.0,0
50958.0,24004.0,0
52664.0,25110.0,0
54779.0,26516.0,0
57662.0,28483.0,0
61260.0,31220.0,0
65535.0,34449.0,0
65535.0,38622.0,0
65535.0,42674.0,0
65535.0,45674.0,0
65535.0,47244.0,0
63788.0,46559.0,0
59856.0,44527.0,0
61474.0,43737.0,0
64294.0,44496.0,0
65535.0,46277.0,0
65535.0,47694.0,0
65535.0,48277.0,0
65535.0,47796.0,0
65535.0,46445.0,0
65196.0,44936.0,0
62894.0,43796.0,0
60732.0,42786.0,0
59500.0,42582.0,0
58786.0,42667.0,0
58377.0,43030.0,0
58166.0,43522.0,0
57947.0,44079.0,0
57876.0,44500.0,0
57682.0,44737.0,0
57071.0,44744.0,0
56365.0,44676.0,0
55462.0,44515.0,0
54544.0,44464.0,0
53634.0,44438.0,0
52473.0,44282.0,0
51340.0,44247.0,0
49969.0,44076.0,0
48563.0,43789.0,0
47428.0,43293.0,0
46302.0,42624.0,0
45309.0,42031.0,0
44572.0,41535.0,0
44036.0,40981.0,0
43633.0,40729.0,0
43408.0,40635.0,0
43306.0,40503.0,0
43444.0,40359.0,0
43976.0,40480.0,0
44916.0,40762.0,0
46003.0,41032.0,0
47195.0,41314.0,0
48619.0,41511.0,0
49983.0,41770.0,0
51682.0,41996.0,0
54043.0,42630.0,0
56327.0,43019.0,0
58719.0,43448.0,0
61206.0,43799.0,0
64001.0,44513.0,0
65535.0,45689.0,0
65535.0,47224.0,0
65535.0,48570.0,0
64376.0,47871.0,0
57344.0,44069.0,0
49152.0,40960.0,0
42860.0,36790.0,0
43849.0,36429.0,0
48817.0,37897.0,0
55061.0,41199.0,0
63230.0,44343.0,0
65535.0,44763.0,0
65535.0,42531.0,0
62372.0,40960.0,0
57344.0,36305.0,0
52572.0,34047.0,0
49234.0,32768.0,0
46967.0,31452.0,0
45498.0,31499.0,0
44593.0,32269.0,0
43878.0,33345.0,0
43123.0,34521.0,0
41714.0,35335.0,0
38962.0,35318.0,0
35413.0,34130.0,0
32768.0,32280.0,0
26025.0,29688.0,0
24576.0,26383.0,0
17682.0,24576.0,0
16384.0,19838.0,0
12933.0,17430.0,0
11563.0,16384.0,0
10670.0,14186.0,0
10159.0,13162.0,0
9985.0,12499.0,0
10115.0,12140.0,0
10513.0,12067.0,0
11184.0,12249.0,0
12155.0,12637.0,0
13458.0,13280.0,0
15240.0,14197.0,0
17600.0,15467.0,0
20840.0,17188.0,0
25048.0,19574.0,0
30433.0,22503.0,0
36858.0,25879.0,0
43245.0,29200.0,0
46877.0,31644.0,0
49745.0,32333.0,0
50088.0,31897.0,0
49046.0,30660.0,0
47173.0,28810.0,0
44867.0,26842.0,0
42654.0,25033.0,0
40960.0,23385.0,0
39777.0,22466.0,0
39926.0,22189.0,0
41110.0,22618.0,0
43454.0,23742.0,0
46900.0,25664.0,0
51993.0,28454.0,0
55012.0,32151.0,0
63278.0,36327.0,0
65535.0,41307.0,0
65535.0,45199.0,0
65535.0,47359.0,0
65535.0,47746.0,0
63030.0,46518.0,0
60517.0,45089.0,0
61168.0,44803.0,0
62044.0,45915.0,0
63160.0,46976.0,0
62372.0,46954.0,0
59132.0,46024.0,0
57344.0,43715.0,0
49152.0,40960.0,0
40960.0,35764.0,0
32768.0,32768.0,0
26136.0,26943.0,0
24576.0,24576.0,0
18443.0,21057.0,0
16384.0,19121.0,0
13905.0,17667.0,0
12355.0,16577.0,0
11250.0,15845.0,0
10499.0,15369.0,0
10039.0,15145.0,0
9826.0,15093.0,0
9921.0,15315.0,0
10386.0,15863.0,0
11179.0,16715.0,0
12329.0,17856.0,0
13725.0,19291.0,0
15089.0,20657.0,0
16260.0,21848.0,0
17157.0,22823.0,0
17808.0,23486.0,0
18330.0,23908.0,0
18731.0,24151.0,0
19054.0,24260.0,0
19342.0,24249.0,0
19568.0,24130.0,0
19765.0,23879.0,0
20074.0,23537.0,0
20445.0,23015.0,0
20770.0,22484.0,0
21160.0,22007.0,0
21629.0,21773.0,0
22209.0,21684.0,0
22819.0,21560.0,0
23332.0,21309.0,0
23687.0,20861.0,0
23692.0,20112.0,0
23253.0,18952.0,0
22280.0,17408.0,0
20753.0,16384.0,0
18953.0,13832.0,0
17109.0,12146.0,0
15510.0,10669.0,0
14138.0,9408.0,0
13012.0,8356.0,0
12162.0,7388.0,0
11556.0,6792.0,0
11138.0,6368.0,0
10833.0,6083.0,0
10601.0,5868.0,0
10435.0,5721.0,0
12084.0,5612.0,0
11919.0,5527.0,0
11762.0,5474.0,0
11601.0,5436.0,0
11416.0,5408.0,0
11183.0,5350.0,0
10922.0,5274.0,0
10662.0,5206.0,0
10367.0,5128.0,0
10034.0,5007.0,0
9688.0,4891.0,0
9345.0,4758.0,0
9015.0,4639.0,0
8539.0,4529.0,0
8285.0,4433.0,0
8061.0,4348.0,0
7863.0,4277.0,0
7685.0,4224.0,0
7526.0,4177.0,0
7399.0,4141.0,0
7324.0,4115.0,0
7317.0,4134.0,0
7376.0,4190.0,0
7511.0,4294.0,0
7718.0,4452.0,0
7958.0,4641.0,0
8255.0,4862.0,0
8559.0,5109.0,0
8907.0,5363.0,0
9287.0,5632.0,0
9730.0,5917.0,0
10208.0,6222.0,0
10737.0,6528.0,0
11282.0,6827.0,0
12019.0,7087.0,0
12549.0,7289.0,0
13067.0,7458.0,0
13573.0,7591.0,0
14040.0,7689.0,0
14432.0,7732.0,0
14788.0,7734.0,0
15124.0,7719.0,0
15500.0,7719.0,0
15953.0,7775.0,0
16530.0,7879.0,0
17302.0,8071.0,0
18396.0,8391.0,0
19906.0,8881.0,0
21820.0,9569.0,0
24204.0,10493.0,0
30492.0,11609.0,0
34294.0,13030.0,0
37729.0,14358.0,0
41208.0,15686.0,0
43628.0,16845.0,0
45066.0,17654.0,0
45529.0,18059.0,0
44805.0,18054.0,0
43301.0,17743.0,0
41216.0,17201.0,0
38598.0,16508.0,0
36067.0,15700.0,0
33684.0,14937.0,0
31230.0,14267.0,0
29551.0,13745.0,0
28185.0,13363.0,0
26963.0,13092.0,0
25802.0,12848.0,0
24617.0,12589.0,0
23250.0,12290.0,0
22018.0,11925.0,0
20741.0,11493.0,0
19504.0,11014.0,0
18354.0,10522.0,0
17404.0,10096.0,0
16716.0,9764.0,0
16276.0,9552.0,0
16061.0,9509.0,0
16086.0,9623.0,0
16306.0,9913.0,0
16612.0,10305.0,0
16924.0,10728.0,0
17118.0,11136.0,0
17178.0,11445.0,0
17067.0,11596.0,0
16801.0,11585.0,0
16384.0,11423.0,0
15852.0,11113.0,0
15221.0,10671.0,0
14531.0,10163.0,0
13802.0,9593.0,0
13060.0,9024.0,0
12398.0,8333.0,0
11903.0,7955.0,0
11627.0,7717.0,0
11564.0,7658.0,0
11640.0,7747.0,0
11826.0,7952.0,0
12035.0,8221.0,0
12242.0,8512.0,0
12516.0,8800.0,0
12909.0,9136.0,0
13489.0,9518.0,0
14235.0,9956.0,0
15219.0,10460.0,0
16463.0,11030.0,0
17899.0,11644.0,0
19546.0,12440.0,0
21232.0,12978.0,0
22971.0,13489.0,0
24805.0,14003.0,0
26812.0,14603.0,0
29198.0,15352.0,0
32197.0,16285.0,0
35608.0,17447.0,0
38693.0,18976.0,0
45081.0,20892.0,0
51229.0,23215.0,0
54965.0,26151.0,0
63260.0,29855.0,0
65535.0,34144.0,0
65535.0,38551.0,0
65535.0,42561.0,0
65535.0,45149.0,0
65535.0,46268.0,0
65535.0,45744.0,0
65535.0,44853.0,0
65535.0,44613.0,0
65535.0,44693.0,0
65535.0,44823.0,0
65535.0,45267.0,0
65535.0,45860.0,0
65535.0,46281.0,0
65535.0,46657.0,0
65535.0,47031.0,0
65535.0,47372.0,0
65535.0,47546.0,0
65535.0,47640.0,0
65535.0,47524.0,0
65535.0,47284.0,0
65535.0,46964.0,0
65535.0,46981.0,0
65535.0,46793.0,0
65535.0,46490.0,0
65535.0,46305.0,0
65535.0,46106.0,0
65535.0,45960.0,0
65535.0,46009.0,0
65535.0,46335.0,0
65535.0,46904.0,0
65535.0,47583.0,0
65535.0,48120.0,0
65535.0,48516.0,0
65315.0,48443.0,0
62148.0,47384.0,0
57344.0,45067.0,0
51098.0,42157.0,0
49152.0,40960.0,0
42781.0,37041.0,0
40960.0,35335.0,0
37956.0,34090.0,0
36936.0,33474.0,0
36707.0,32924.0,0
37195.0,33093.0,0
39440.0,34146.0,0
44217.0,36443.0,0
52011.0,40457.0,0
55090.0,44438.0,0
63191.0,47159.0,0
62395.0,47144.0,0
57987.0,44877.0,0
51638.0,41292.0,0
49152.0,36949.0,0
40960.0,32854.0,0
32768.0,28753.0,0
27352.0,25480.0,0
24576.0,22557.0,0
20188.0,20301.0,0
17778.0,18461.0,0
16384.0,16968.0,0
14610.0,15862.0,0
13697.0,15045.0,0
13137.0,14501.0,0
12867.0,14238.0,0
12913.0,14234.0,0
13228.0,14490.0,0
13788.0,14970.0,0
14612.0,15707.0,0
15749.0,16690.0,0
17146.0,17944.0,0
18769.0,19483.0,0
20524.0,21150.0,0
22254.0,22933.0,0
23856.0,24649.0,0
25005.0,26049.0,0
25392.0,26931.0,0
24926.0,27065.0,0
23573.0,26433.0,0
21320.0,24993.0,0
18477.0,22936.0,0
16384.0,20392.0,0
12325.0,17588.0,0
9615.0,16384.0,0
8192.0,12343.0,0
5591.0,10264.0,0
4384.0,8612.0,0
3557.0,7165.0,0
2984.0,6232.0,0
2626.0,5595.0,0
2430.0,5209.0,0
2377.0,5037.0,0
2380.0,5020.0,0
2468.0,5107.0,0
2618.0,5287.0,0
2828.0,5552.0,0
3095.0,5869.0,0
3395.0,6205.0,0
3699.0,6525.0,0
3984.0,6789.0,0
4243.0,6981.0,0
4454.0,7130.0,0
4655.0,7236.0,0
4820.0,7330.0,0
4992.0,7422.0,0
5172.0,7573.0,0
5385.0,7775.0,0
5640.0,8051.0,0
5913.0,8383.0,0
6250.0,8801.0,0
6683.0,9325.0,0
7282.0,9992.0,0
8136.0,10866.0,0
9349.0,12035.0,0
11150.0,13794.0,0
13839.0,15910.0,0
17797.0,18717.0,0
22214.0,22372.0,0
30169.0,26656.0,0
38192.0,30589.0,0
46257.0,35341.0,0
54285.0,38660.0,0
60548.0,44046.0,0
65282.0,46524.0,0
65535.0,48178.0,0
65535.0,48313.0,0
65535.0,46994.0,0
65535.0,45418.0,0
65535.0,44085.0,0
57344.0,43876.0,0
56935.0,44077.0,0
57440.0,43490.0,0
56342.0,41729.0,0
55168.0,39671.0,0
53236.0,36893.0,0
49418.0,32880.0,0
44865.0,27943.0,0
40960.0,24576.0,0
36230.0,19992.0,0
32768.0,16724.0,0
26553.0,13802.0,0
24576.0,11123.0,0
18387.0,8868.0,0
16384.0,6888.0,0
12608.0,5472.0,0
10501.0,4376.0,0
8866.0,3544.0,0
7474.0,2934.0,0
6602.0,2496.0,0
6007.0,2195.0,0
5645.0,2006.0,0
5488.0,1905.0,0
5506.0,1902.0,0
5684.0,1962.0,0
6038.0,2090.0,0
6595.0,2309.0,0
7406.0,2633.0,0
8530.0,3101.0,0
10067.0,3752.0,0
12058.0,4644.0,0
14669.0,5828.0,0
17488.0,7306.0,0
20774.0,9048.0,0
24288.0,11133.0,0
27907.0,13659.0,0
31922.0,16644.0,0
35221.0,19642.0,0
37323.0,22135.0,0
38512.0,23726.0,0
38598.0,24633.0,0
37776.0,24914.0,0
36455.0,24729.0,0
35194.0,24412.0,0
34314.0,24098.0,0
33822.0,23970.0,0
33876.0,24144.0,0
34661.0,24818.0,0
36365.0,26147.0,0
39101.0,28405.0,0
42757.0,31802.0,0
46895.0,36042.0,0
52684.0,41679.0,0
55659.0,46731.0,0
52122.0,48885.0,0
49152.0,45023.0,0
40960.0,40960.0,0
32768.0,33571.0,0
26463.0,31359.0,0
26947.0,31677.0,0
28216.0,32542.0,0
30571.0,33809.0,0
33637.0,35820.0,0
36176.0,37542.0,0
38840.0,38925.0,0
41812.0,40828.0,0
43934.0,42520.0,0
45054.0,43924.0,0
45787.0,44533.0,0
45488.0,43964.0,0
46095.0,43845.0,0
47483.0,44683.0,0
48756.0,45587.0,0
50319.0,46734.0,0
52213.0,48228.0,0
53210.0,49416.0,0
51203.0,49350.0,0
49152.0,46751.0,0
40960.0,42899.0,0
34520.0,40960.0,0
34901.0,37838.0,0
37607.0,39269.0,0
44260.0,42382.0,0
52667.0,46534.0,0
56780.0,48148.0,0
55950.0,46197.0,0
52327.0,42477.0,0
49152.0,40960.0,0
43848.0,34477.0,0
40960.0,32768.0,0
38010.0,28594.0,0
36735.0,27093.0,0
36391.0,26349.0,0
36785.0,26223.0,0
37895.0,26661.0,0
39640.0,27579.0,0
41824.0,28921.0,0
44405.0,30622.0,0
47384.0,32581.0,0
49951.0,34543.0,0
52007.0,36420.0,0
53843.0,38474.0,0
55304.0,40149.0,0
56427.0,41669.0,0
57096.0,42686.0,0
56989.0,43167.0,0
56653.0,42550.0,0
55112.0,40996.0,0
52153.0,38298.0,0
49152.0,34953.0,0
43922.0,32768.0,0
40960.0,27829.0,0
35760.0,24835.0,0
32768.0,22080.0,0
29293.0,19954.0,0
27166.0,18238.0,0
25606.0,16961.0,0
24667.0,16217.0,0
24280.0,16011.0,0
24793.0,16342.0,0
25994.0,17259.0,0
27695.0,18688.0,0
29965.0,20565.0,0
32148.0,22629.0,0
34196.0,24655.0,0
36094.0,26506.0,0
38165.0,28188.0,0
39517.0,29898.0,0
40302.0,31112.0,0
40192.0,31739.0,0
39064.0,31629.0,0
36984.0,30702.0,0
34276.0,29084.0,0
32768.0,27114.0,0
28254.0,25054.0,0
25933.0,23022.0,0
24576.0,21441.0,0
22562.0,20238.0,0
21710.0,19325.0,0
21274.0,18721.0,0
21151.0,18372.0,0
21438.0,18316.0,0
22281.0,18685.0,0
23752.0,19561.0,0
26025.0,21091.0,0
29348.0,23434.0,0
34020.0,26739.0,0
38700.0,30501.0,0
46516.0,36645.0,0
52249.0,42260.0,0
55432.0,46508.0,0
55870.0,49002.0,0
53663.0,49087.0,0
51944.0,48279.0,0
51292.0,47908.0,0
51645.0,48048.0,0
52662.0,48703.0,0
53206.0,49206.0,0
52761.0,48945.0,0
51478.0,47879.0,0
49953.0,46334.0,0
48622.0,44722.0,0
47205.0,42910.0,0
46057.0,41376.0,0
44745.0,39535.0,0
43739.0,37889.0,0
43503.0,36978.0,0
43860.0,36650.0,0
44752.0,36798.0,0
45831.0,37226.0,0
46947.0,37659.0,0
48400.0,38332.0,0
50109.0,39379.0,0
51730.0,40494.0,0
52747.0,41410.0,0
53301.0,41837.0,0
53622.0,41929.0,0
53322.0,41806.0,0
52541.0,41247.0,0
51290.0,40312.0,0
49191.0,39045.0,0
46743.0,37220.0,0
44614.0,35679.0,0
42827.0,34445.0,0
41154.0,33346.0,0
39513.0,32182.0,0
38344.0,31616.0,0
37470.0,31331.0,0
36867.0,31244.0,0
36479.0,31336.0,0
36191.0,31437.0,0
36135.0,31693.0,0
36054.0,31954.0,0
36100.0,32131.0,0
36124.0,32362.0,0
35919.0,32321.0,0
35627.0,32054.0,0
35427.0,31795.0,0
35387.0,31706.0,0
35507.0,31768.0,0
35643.0,31980.0,0
35643.0,32161.0,0
35268.0,32168.0,0
34486.0,31803.0,0
33534.0,31308.0,0
32001.0,30597.0,0
30611.0,29683.0,0
29251.0,28712.0,0
28009.0,27778.0,0
26893.0,26939.0,0
26069.0,26314.0,0
25479.0,25913.0,0
24959.0,25791.0,0
24964.0,25895.0,0
25228.0,26272.0,0
25789.0,26805.0,0
26652.0,27536.0,0
27823.0,28481.0,0
29413.0,29554.0,0
30891.0,30600.0,0
32445.0,31577.0,0
33721.0,32306.0,0
34671.0,32540.0,0
35290.0,32373.0,0
35340.0,31789.0,0
35170.0,30989.0,0
34931.0,30148.0,0
34606.0,29253.0,0
34402.0,28437.0,0
34399.0,27818.0,0
34766.0,27560.0,0
35533.0,27652.0,0
36893.0,28255.0,0
39019.0,29384.0,0
40777.0,30674.0,0
42630.0,32294.0,0
43985.0,33642.0,0
45067.0,34747.0,0
45876.0,35533.0,0
45854.0,35843.0,0
45078.0,35909.0,0
43796.0,35047.0,0
42201.0,33910.0,0
40960.0,32768.0,0
38887.0,31223.0,0
37631.0,30369.0,0
36423.0,29649.0,0
35131.0,28883.0,0
33892.0,28079.0,0
32842.0,27389.0,0
31745.0,26850.0,0
31386.0,26608.0,0
31406.0,26675.0,0
31717.0,27062.0,0
32164.0,27698.0,0
32630.0,28405.0,0
32961.0,29080.0,0
33123.0,29642.0,0
33042.0,30081.0,0
32484.0,30218.0,0
31359.0,29887.0,0
29809.0,29089.0,0
27873.0,27985.0,0
25705.0,26538.0,0
24576.0,24940.0,0
21611.0,23240.0,0
20119.0,21968.0,0
19001.0,20969.0,0
18244.0,20308.0,0
17787.0,19953.0,0
17621.0,19860.0,0
17783.0,20064.0,0
18287.0,20585.0,0
19076.0,21452.0,0
19970.0,22527.0,0
20709.0,23627.0,0
21183.0,24534.0,0
21318.0,25138.0,0
21083.0,25361.0,0
20623.0,25260.0,0
20026.0,24873.0,0
19414.0,24342.0,0
18842.0,23743.0,0
18445.0,23188.0,0
18232.0,22690.0,0
18271.0,22333.0,0
18584.0,22126.0,0
19146.0,22083.0,0
19923.0,22215.0,0
20940.0,22508.0,0
22119.0,22904.0,0
23440.0,23347.0,0
24476.0,23434.0,0
24978.0,22951.0,0
24991.0,21961.0,0
24704.0,20794.0,0
24450.0,19751.0,0
24479.0,19039.0,0
25030.0,18822.0,0
26148.0,19148.0,0
27834.0,20017.0,0
30179.0,21335.0,0
32414.0,22933.0,0
34278.0,24492.0,0
35453.0,25616.0,0
36019.0,26306.0,0
36601.0,26724.0,0
36567.0,26907.0,0
36583.0,27136.0,0
36747.0,27531.0,0
37076.0,28037.0,0
37782.0,29032.0,0
38459.0,29906.0,0
38859.0,30518.0,0
39052.0,31019.0,0
38854.0,31455.0,0
38299.0,31726.0,0
37504.0,31905.0,0
36614.0,31992.0,0
35839.0,32104.0,0
35452.0,32384.0,0
35836.0,33057.0,0
37095.0,34325.0,0
39299.0,36343.0,0
42010.0,39325.0,0
44945.0,42039.0,0
47366.0,44633.0,0
48568.0,46412.0,0
49630.0,47690.0,0
49552.0,48048.0,0
48878.0,47718.0,0
47971.0,46976.0,0
46226.0,45503.0,0
43089.0,42927.0,0
40960.0,40960.0,0
34362.0,34904.0,0
32768.0,32768.0,0
27014.0,27603.0,0
24757.0,25280.0,0
23055.0,23500.0,0
22055.0,22443.0,0
21390.0,21704.0,0
20956.0,21196.0,0
20699.0,20854.0,0
20611.0,20661.0,0
20632.0,20576.0,0
20793.0,20686.0,0
21088.0,20962.0,0
21501.0,21408.0,0
21943.0,21964.0,0
22367.0,22559.0,0
22772.0,23173.0,0
23073.0,23718.0,0
23281.0,24175.0,0
23374.0,24514.0,0
23387.0,24732.0,0
23231.0,24817.0,0
22919.0,24736.0,0
22386.0,24424.0,0
21704.0,23930.0,0
21022.0,23430.0,0
20374.0,23044.0,0
19332.0,22610.0,0
17776.0,21726.0,0
16384.0,20280.0,0
13543.0,18352.0,0
11411.0,16384.0,0
9639.0,14267.0,0
8293.0,12580.0,0
7196.0,11292.0,0
6596.0,10364.0,0
6230.0,9735.0,0
6043.0,9351.0,0
6013.0,9179.0,0
6151.0,9015.0,0
6471.0,9240.0,0
6990.0,9660.0,0
7715.0,10241.0,0
8635.0,10950.0,0
9683.0,11722.0,0
10857.0,12746.0,0
12118.0,13630.0,0
13666.0,14636.0,0
15126.0,15743.0,0
16695.0,16987.0,0
18360.0,18404.0,0
20194.0,19988.0,0
22053.0,21606.0,0
23968.0,23322.0,0
25770.0,25005.0,0
27564.0,26616.0,0
29241.0,28214.0,0
31009.0,30004.0,0
32346.0,31461.0,0
33438.0,32754.0,0
34189.0,33749.0,0
34558.0,34478.0,0
34503.0,34790.0,0
33990.0,34587.0,0
32983.0,33888.0,0
31494.0,32765.0,0
29585.0,31189.0,0
27359.0,29254.0,0
24820.0,26985.0,0
21965.0,24576.0,0
19250.0,21646.0,0
16687.0,19093.0,0
14519.0,16772.0,0
12710.0,14898.0,0
11255.0,13345.0,0
10076.0,12134.0,0
9157.0,11224.0,0
8213.0,10488.0,0
7578.0,9922.0,0
7027.0,9433.0,0
6558.0,9033.0,0
6163.0,8536.0,0
5805.0,8275.0,0
5510.0,8095.0,0
5245.0,7947.0,0
4997.0,7853.0,0
4754.0,7783.0,0
4536.0,7712.0,0
4317.0,7607.0,0
4123.0,7496.0,0
3964.0,7375.0,0
3804.0,7238.0,0
3665.0,7089.0,0
3509.0,6913.0,0
3339.0,6692.0,0
3151.0,6446.0,0
2949.0,6148.0,0
2733.0,5818.0,0
2528.0,5499.0,0
2319.0,5178.0,0
2133.0,4855.0,0
1961.0,4532.0,0
1798.0,4251.0,0
1654.0,3984.0,0
1526.0,3737.0,0
1428.0,3534.0,0
1340.0,3368.0,0
1285.0,3226.0,0
1236.0,3110.0,0
1205.0,3033.0,0
1198.0,2982.0,0
1436.0,2961.0,0
1459.0,2968.0,0
1504.0,3010.0,0
1569.0,3104.0,0
1684.0,3246.0,0
1828.0,3431.0,0
2008.0,3664.0,0
2213.0,3940.0,0
2437.0,4234.0,0
2688.0,4552.0,0
2948.0,4869.0,0
3183.0,5178.0,0
3383.0,5451.0,0
3527.0,5679.0,0
3604.0,5850.0,0
3602.0,5954.0,0
3517.0,5973.0,0
3384.0,5928.0,0
3191.0,5804.0,0
2990.0,5643.0,0
2838.0,5492.0,0
2762.0,5406.0,0
2805.0,5459.0,0
2985.0,5645.0,0
3303.0,6026.0,0
3822.0,6602.0,0
4545.0,7417.0,0
5494.0,8422.0,0
6651.0,9584.0,0
7978.0,10841.0,0
9266.0,12061.0,0
10458.0,13314.0,0
11548.0,14246.0,0
12651.0,14957.0,0
13327.0,15366.0,0
13690.0,15377.0,0
13745.0,15072.0,0
13641.0,14622.0,0
13488.0,14111.0,0
13245.0,13591.0,0
12951.0,13082.0,0
12636.0,12596.0,0
12321.0,12188.0,0
11993.0,11850.0,0
11629.0,11568.0,0
11152.0,11359.0,0
10473.0,11159.0,0
9644.0,10890.0,0
8813.0,10553.0,0
7913.0,10267.0,0
8698.0,10064.0,0
8437.0,10057.0,0
8691.0,10390.0,0
9586.0,11189.0,0
11270.0,12511.0,0
14078.0,14460.0,0
17531.0,16921.0,0
21938.0,19790.0,0
26817.0,22781.0,0
30551.0,25474.0,0
35740.0,27070.0,0
37812.0,27144.0,0
37880.0,25619.0,0
36125.0,23502.0,0
33838.0,21536.0,0
32768.0,19874.0,0
29164.0,18498.0,0
27434.0,17386.0,0
26036.0,16627.0,0
24842.0,16101.0,0
23590.0,15776.0,0
22767.0,15730.0,0
22305.0,15933.0,0
22264.0,16466.0,0
22848.0,17331.0,0
24229.0,18808.0,0
26499.0,20984.0,0
30072.0,23876.0,0
35297.0,27422.0,0
38636.0,30487.0,0
46898.0,34855.0,0
51337.0,37108.0,0
52719.0,37913.0,0
50919.0,35617.0,0
49152.0,32768.0,0
40960.0,26769.0,0
33998.0,24576.0,0
32768.0,18561.0,0
24576.0,16384.0,0
20581.0,13260.0,0
18208.0,11478.0,0
16539.0,10276.0,0
15657.0,9578.0,0
15519.0,9435.0,0
16297.0,9955.0,0
18111.0,11279.0,0
21080.0,13509.0,0
25046.0,16701.0,0
30315.0,20718.0,0
38651.0,25307.0,0
46911.0,30457.0,0
55093.0,35960.0,0
63241.0,39679.0,0
65535.0,40861.0,0
65535.0,39096.0,0
61079.0,35511.0,0
57344.0,32768.0,0
49152.0,25346.0,0
40960.0,20832.0,0
32768.0,16981.0,0
24576.0,13797.0,0
19879.0,11223.0,0
16697.0,9262.0,0
14448.0,8192.0,0
12847.0,6701.0,0
11827.0,6105.0,0
11313.0,5836.0,0
11237.0,5869.0,0
11519.0,6192.0,0
12132.0,6768.0,0
13063.0,7602.0,0
14416.0,8686.0,0
16335.0,10085.0,0
19106.0,11874.0,0
22374.0,14299.0,0
27583.0,16804.0,0
30495.0,19271.0,0
36423.0,21276.0,0
38668.0,22146.0,0
38712.0,21961.0,0
37478.0,20987.0,0
35758.0,19728.0,0
34101.0,18518.0,0
32768.0,17386.0,0
30695.0,16362.0,0
29380.0,15489.0,0
27949.0,14671.0,0
26700.0,13948.0,0
25887.0,13489.0,0
25628.0,13437.0,0
26029.0,13792.0,0
27208.0,14715.0,0
28949.0,16063.0,0
31280.0,17741.0,0
34144.0,19763.0,0
37435.0,21870.0,0
41247.0,23828.0,0
44636.0,25353.0,0
46640.0,26183.0,0
47259.0,25967.0,0
47013.0,25495.0,0
46015.0,24733.0,0
44195.0,23527.0,0
42260.0,22376.0,0
40960.0,21124.0,0
37686.0,19825.0,0
35295.0,18445.0,0
32834.0,17046.0,0
29903.0,15711.0,0
27291.0,14335.0,0
24919.0,13110.0,0
22754.0,12123.0,0
21076.0,11367.0,0
19627.0,10773.0,0
18351.0,10313.0,0
17165.0,9894.0,0
16071.0,9470.0,0
14961.0,9029.0,0
13853.0,8390.0,0
12783.0,7915.0,0
11810.0,7483.0,0
10926.0,7078.0,0
10112.0,6727.0,0
9347.0,6402.0,0
8604.0,6086.0,0
7682.0,5759.0,0
6940.0,5419.0,0
6221.0,5062.0,0
5513.0,4686.0,0
4833.0,4327.0,0
4186.0,3974.0,0
3588.0,3610.0,0
3057.0,3260.0,0
2570.0,2924.0,0
2155.0,2604.0,0
1795.0,2292.0,0
1492.0,2013.0,0
1233.0,1748.0,0
1027.0,1497.0,0
874.0,1274.0,0
752.0,1077.0,0
668.0,909.0,0
611.0,755.0,0
572.0,642.0,0
543.0,527.0,0
535.0,450.0,0
520.0,389.0,0
516.0,336.0,0
509.0,301.0,0
505.0,277.0,0
495.0,258.0,0
498.0,252.0,0
498.0,251.0,0
505.0,251.0,0
506.0,243.0,0
511.0,241.0,0
509.0,243.0,0
519.0,250.0,0
518.0,249.0,0
529.0,258.0,0
553.0,258.0,0
560.0,266.0,0
568.0,270.0,0
578.0,276.0,0
595.0,290.0,0
623.0,293.0,0
641.0,308.0,0
666.0,319.0,0
699.0,336.0,0
731.0,347.0,0
763.0,367.0,0
799.0,396.0,0
842.0,412.0,0
886.0,448.0,0
931.0,472.0,0
980.0,505.0,0
1037.0,543.0,0
1101.0,580.0,0
1171.0,622.0,0
1251.0,679.0,0
1349.0,727.0,0
1438.0,790.0,0
1540.0,855.0,0
1653.0,919.0,0
1766.0,994.0,0
1893.0,1072.0,0
2035.0,1171.0,0
2201.0,1279.0,0
2388.0,1403.0,0
2601.0,1547.0,0
2840.0,1697.0,0
3105.0,1881.0,0
3376.0,2073.0,0
3696.0,2290.0,0
4038.0,2534.0,0
4411.0,2810.0,0
4829.0,3108.0,0
5296.0,3431.0,0
5823.0,3810.0,0
6374.0,4190.0,0
7006.0,4641.0,0
7642.0,5133.0,0
8280.0,5600.0,0
8893.0,6064.0,0
9497.0,6530.0,0
10074.0,6929.0,0
10691.0,7337.0,0
11351.0,7764.0,0
12303.0,8233.0,0
13204.0,8796.0,0
14248.0,9444.0,0
15446.0,10216.0,0
16759.0,11152.0,0
18311.0,12191.0,0
20266.0,13609.0,0
22632.0,15123.0,0
25314.0,16955.0,0
28518.0,19070.0,0
32211.0,21456.0,0
35782.0,23994.0,0
38708.0,26414.0,0
43108.0,28610.0,0
45832.0,30743.0,0
48268.0,32543.0,0
50098.0,33965.0,0
52809.0,35631.0,0
55921.0,37718.0,0
58777.0,39966.0,0
62260.0,42019.0,0
65535.0,44264.0,0
65535.0,47137.0,0
65535.0,49938.0,0
65535.0,52700.0,0
65535.0,55611.0,0
65535.0,58938.0,0
65535.0,62477.0,0
65535.0,65535.0,0
65535.0,65535.0,0
65535.0,65535.0,0
65535.0,65535.0,0
65535.0,65535.0,0
65535.0,65535.0,0
65535.0,65535.0,0
65535.0,65535.0,0
65535.0,65535.0,0
65535.0,65535.0,0
65535.0,65535.0,0
65535.0,65535.0,0
65535.0,65535.0,0
65535.0,65535.0,0
65535.0,65535.0,0
65535.0,65535.0,0
65535.0,65535.0,0
65535.0,64936.0,0
65535.0,65535.0,0
65535.0,63858.0,0
65535.0,63231.0,0
65535.0,62626.0,0
65535.0,61322.0,0
65535.0,61322.0,0
65535.0,61429.0,0
65535.0,59701.0,0
65535.0,59007.0,0
65535.0,59341.0,0
65535.0,57363.0,0
65535.0,57298.0,0
65535.0,55329.0,0
63885.0,52938.0,0
57696.0,51201.0,0
49573.0,49152.0,0
42783.0,42336.0,0
42474.0,40960.0,0
47574.0,40418.0,0
55045.0,46869.0,0
63153.0,55067.0,0
65535.0,63285.0,0
65535.0,65535.0,0
65535.0,65535.0,0
65535.0,65535.0,0
65535.0,65535.0,0
65535.0,65535.0,0
65535.0,65535.0,0
65535.0,65535.0,0
65535.0,65535.0,0
65535.0,65535.0,0
65535.0,65535.0,0
65535.0,65535.0,0
65535.0,65535.0,0
65535.0,65535.0,0
65535.0,65535.0,0
65535.0,65535.0,0
65535.0,65535.0,0
65535.0,65535.0,0
65535.0,65535.0,0
65535.0,65535.0,0
65535.0,65535.0,0
65535.0,65535.0,0
65535.0,65535.0,0
65535.0,65535.0,0
65535.0,65535.0,0
65535.0,65535.0,0
65535.0,65535.0,0
65535.0,65535.0,0
65535.0,65535.0,0
65535.0,65535.0,0
65535.0,65535.0,0
65535.0,65535.0,0
65535.0,65535.0,0
65535.0,65535.0,0
65535.0,65535.0,0
65535.0,65535.0,0
65535.0,65535.0,0
65535.0,65535.0,0
65535.0,65535.0,0
65535.0,65535.0,0
65535.0,65535.0,0
65535.0,65535.0,0
65535.0,65535.0,0
65535.0,65535.0,0
65535.0,65535.0,0
65535.0,65535.0,0
65535.0,65535.0,0
65535.0,65535.0,0
65535.0,65535.0,0
65535.0,65535.0,0
65535.0,65535.0,0
65535.0,65535.0,0
65535.0,65535.0,0
65535.0,65535.0,0
65535.0,65535.0,0
65535.0,65535.0,0
65535.0,65535.0,0
65535.0,65535.0,0
65535.0,65535.0,0
65535.0,65535.0,0
65535.0,65535.0,0
65535.0,65535.0,0
65535.0,65535.0,0
65535.0,65535.0,0
65535.0,65535.0,0
65535.0,65535.0,0
65535.0,65535.0,0
65535.0,65535.0,0
65535.0,65535.0,0
65535.0,65535.0,0
65535.0,65535.0,0
64677.0,65535.0,0
57344.0,65535.0,0
49152.0,65535.0,0
47767.0,65535.0,0
47777.0,65535.0,0
47765.0,65535.0,0
47791.0,65535.0,0
47793.0,65535.0,0
47776.0,65535.0,0
47805.0,65535.0,0
47802.0,65535.0,0
47814.0,65535.0,0
47843.0,65535.0,0
47823.0,65535.0,0
47833.0,65535.0,0
47829.0,65535.0,0
47821.0,65535.0,0
47827.0,65535.0,0
47823.0,65535.0,0
47822.0,65535.0,0
47821.0,65535.0,0
47846.0,65535.0,0
47839.0,65535.0,0
47840.0,65535.0,0
47846.0,65535.0,0
47834.0,65535.0,0
47836.0,65535.0,0
47846.0,65535.0,0
47858.0,65535.0,0
47842.0,65535.0,0
47858.0,65535.0,0
47846.0,65535.0,0
47859.0,65535.0,0
47845.0,65535.0,0
47851.0,65535.0,0
47864.0,65535.0,0
47854.0,65535.0,0
47859.0,65535.0,0
47868.0,65535.0,0
47855.0,65535.0,0
47864.0,65535.0,0
47876.0,65535.0,0
47859.0,65535.0,0
47877.0,65535.0,0
47886.0,65535.0,0
47872.0,65535.0,0
47860.0,65535.0,0
47862.0,65535.0,0
47875.0,65535.0,0
